2025-08-02 12:03:43,652 [INFO] Activator:176 - 


2025-08-02 12:03:43,660 [INFO] Activator:177 - !SESSION log4j initialized
2025-08-02 12:03:49,906 [INFO] LogOutputStream:77 - [STDOUT_REDIRECT] 
2025-08-02 12:03:50,321 [ERROR] ConfigurationRetriever:142 - IOException on connection: sw-center.st.com
2025-08-02 12:03:50,323 [ERROR] ConfigurationRetriever:142 - IOException on connection: sw-center.st.com
2025-08-02 12:03:50,323 [ERROR] ConfigurationRetriever:142 - IOException on connection: sw-center.st.com
2025-08-02 12:03:51,995 [INFO] ApplicationProperties:184 - Using Application install path: C:\ST\STM32CubeIDE_1.15.1\STM32CubeIDE\plugins\com.st.stm32cube.common.mx_6.11.1.202404110753
2025-08-02 12:03:52,044 [INFO] DbMcusXml:78 - Set database path to: C:\ST\STM32CubeIDE_1.15.1\STM32CubeIDE\plugins\com.st.stm32cube.common.mx_6.11.1.202404110753\\db\/mcu/
2025-08-02 12:03:52,045 [INFO] ApiDb:274 - Set plugin database path to: C:\ST\STM32CubeIDE_1.15.1\STM32CubeIDE\plugins\com.st.stm32cube.common.mx_6.11.1.202404110753\\db\/plugins/boardmanager/
2025-08-02 12:03:52,045 [WARN] ApiDb:259 - Overriding images path with different value:  => C:\ST\STM32CubeIDE_1.15.1\STM32CubeIDE\plugins\com.st.stm32cube.common.mx_6.11.1.202404110753\\db\/plugins/mcufinder/images/
2025-08-02 12:03:52,056 [INFO] ApiDb:250 - Set database path to: C:\Users\shoot\.stmcufinder\plugins\mcufinder//mcu/
2025-08-02 12:03:52,058 [INFO] DbMcusAds:125 - Set database path to: C:\Users\shoot\.stmcufinder\plugins\mcufinder//mcu/
2025-08-02 12:03:52,063 [INFO] CrossReferenceDbSqlite:203 - Set database path to: C:\Users\shoot\.stmcufinder\plugins\mcufinder//mcu/cs/
2025-08-02 12:03:52,337 [INFO] RulesReader:64 - Compatibility file has been processed (297 Rules)
2025-08-02 12:03:52,528 [INFO] DbMcusXml:78 - Set database path to: C:\ST\STM32CubeIDE_1.15.1\STM32CubeIDE\plugins\com.st.stm32cube.common.mx_6.11.1.202404110753\\db\/mcu/
2025-08-02 12:03:52,528 [INFO] ApiDb:274 - Set plugin database path to: C:\ST\STM32CubeIDE_1.15.1\STM32CubeIDE\plugins\com.st.stm32cube.common.mx_6.11.1.202404110753\\db\/plugins/boardmanager/
2025-08-02 12:03:52,528 [INFO] ApiDb:261 - Set plugin images path to: C:\ST\STM32CubeIDE_1.15.1\STM32CubeIDE\plugins\com.st.stm32cube.common.mx_6.11.1.202404110753\\db\/plugins/mcufinder/images/
2025-08-02 12:03:52,529 [WARN] DbFile:41 - Overriding database path with different value: C:\Users\shoot\.stmcufinder\plugins\mcufinder/ => C:\Users\shoot\.stmcufinder\plugins\mcufinder
2025-08-02 12:03:52,529 [INFO] ApiDb:250 - Set database path to: C:\Users\shoot\.stmcufinder\plugins\mcufinder//mcu/
2025-08-02 12:03:52,529 [WARN] DbFile:41 - Overriding database path with different value: C:\Users\shoot\.stmcufinder\plugins\mcufinder/ => C:\Users\shoot\.stmcufinder\plugins\mcufinder
2025-08-02 12:03:52,529 [INFO] DbMcusAds:125 - Set database path to: C:\Users\shoot\.stmcufinder\plugins\mcufinder//mcu/
2025-08-02 12:03:52,529 [WARN] DbFile:41 - Overriding database path with different value: C:\Users\shoot\.stmcufinder\plugins\mcufinder/ => C:\Users\shoot\.stmcufinder\plugins\mcufinder
2025-08-02 12:03:52,529 [WARN] DbFile:41 - Overriding database path with different value: C:\Users\shoot\.stmcufinder\plugins\mcufinder/ => C:\Users\shoot\.stmcufinder\plugins\mcufinder
2025-08-02 12:03:52,529 [INFO] CrossReferenceDbSqlite:203 - Set database path to: C:\Users\shoot\.stmcufinder\plugins\mcufinder//mcu/cs/
2025-08-02 12:03:52,684 [INFO] MainPanel:264 - HeapMemory: 268435456
2025-08-02 12:03:52,863 [INFO] DbMcusXml:78 - Set database path to: C:\ST\STM32CubeIDE_1.15.1\STM32CubeIDE\plugins\com.st.stm32cube.common.mx_6.11.1.202404110753\\db\/mcu/
2025-08-02 12:03:52,863 [INFO] ApiDb:274 - Set plugin database path to: C:\ST\STM32CubeIDE_1.15.1\STM32CubeIDE\plugins\com.st.stm32cube.common.mx_6.11.1.202404110753\\db\/plugins/boardmanager/
2025-08-02 12:03:52,863 [INFO] ApiDb:261 - Set plugin images path to: C:\ST\STM32CubeIDE_1.15.1\STM32CubeIDE\plugins\com.st.stm32cube.common.mx_6.11.1.202404110753\\db\/plugins/mcufinder/images/
2025-08-02 12:03:52,867 [WARN] DbFile:41 - Overriding database path with different value: C:\Users\shoot\.stmcufinder\plugins\mcufinder/ => C:\Users\shoot\.stmcufinder\plugins\mcufinder
2025-08-02 12:03:52,867 [INFO] ApiDb:250 - Set database path to: C:\Users\shoot\.stmcufinder\plugins\mcufinder//mcu/
2025-08-02 12:03:52,867 [WARN] DbFile:41 - Overriding database path with different value: C:\Users\shoot\.stmcufinder\plugins\mcufinder/ => C:\Users\shoot\.stmcufinder\plugins\mcufinder
2025-08-02 12:03:52,867 [INFO] DbMcusAds:125 - Set database path to: C:\Users\shoot\.stmcufinder\plugins\mcufinder//mcu/
2025-08-02 12:03:52,867 [WARN] DbFile:41 - Overriding database path with different value: C:\Users\shoot\.stmcufinder\plugins\mcufinder/ => C:\Users\shoot\.stmcufinder\plugins\mcufinder
2025-08-02 12:03:52,867 [WARN] DbFile:41 - Overriding database path with different value: C:\Users\shoot\.stmcufinder\plugins\mcufinder/ => C:\Users\shoot\.stmcufinder\plugins\mcufinder
2025-08-02 12:03:52,867 [INFO] CrossReferenceDbSqlite:203 - Set database path to: C:\Users\shoot\.stmcufinder\plugins\mcufinder//mcu/cs/
2025-08-02 12:03:52,905 [INFO] ApplicationProperties:184 - Using Application install path: C:\ST\STM32CubeIDE_1.15.1\STM32CubeIDE\plugins\com.st.stm32cube.common.mx_6.11.1.202404110753
2025-08-02 12:03:52,909 [INFO] PluginManage:196 - Search for loadable plugins [exclusion list=, ]
2025-08-02 12:03:52,927 [INFO] PluginManage:310 - Check plugin analytics
2025-08-02 12:03:53,296 [INFO] AnalyticsPlugin:253 - Accepted Software Licenses: 
2025-08-02 12:03:53,296 [INFO] AnalyticsPlugin:255 - Accepted CMSIS Pack Licenses: 
2025-08-02 12:03:53,297 [INFO] AnalyticsPlugin:257 - Accepted Firmware Licenses: FW.F7.1.17.0
2025-08-02 12:03:53,301 [INFO] PluginManage:359 - Loaded plugin analytics (category:tool,tabindex:-1)
2025-08-02 12:03:53,302 [INFO] PluginManage:310 - Check plugin cadmodel
2025-08-02 12:03:53,302 [ERROR] ConfigurationRetriever:142 - IOException on connection: sw-center.st.com
2025-08-02 12:03:53,302 [ERROR] ConfigurationRetriever:142 - IOException on connection: sw-center.st.com
2025-08-02 12:03:53,303 [ERROR] ConfigurationRetriever:142 - IOException on connection: sw-center.st.com
2025-08-02 12:03:53,309 [INFO] CADModel:105 - Init CAD model plugin
2025-08-02 12:03:53,310 [INFO] PluginManage:359 - Loaded plugin cadmodel (category:power,tabindex:5)
2025-08-02 12:03:53,310 [INFO] PluginManage:310 - Check plugin clock
2025-08-02 12:03:53,340 [INFO] PluginManage:359 - Loaded plugin clock (category:base,tabindex:2)
2025-08-02 12:03:53,340 [INFO] PluginManage:310 - Check plugin ddr
2025-08-02 12:03:53,347 [INFO] PluginManage:359 - Loaded plugin ddr (category:tool,tabindex:6)
2025-08-02 12:03:53,347 [INFO] PluginManage:310 - Check plugin filemanager
2025-08-02 12:03:53,658 [INFO] PluginManage:359 - Loaded plugin filemanager (category:base,tabindex:10)
2025-08-02 12:03:53,659 [INFO] PluginManage:310 - Check plugin ipmanager
2025-08-02 12:03:53,675 [INFO] PluginManage:359 - Loaded plugin ipmanager (category:base,tabindex:5)
2025-08-02 12:03:53,675 [INFO] PluginManage:310 - Check plugin lpbam
2025-08-02 12:03:53,690 [INFO] PluginManage:359 - Loaded plugin lpbam (category:base,tabindex:0)
2025-08-02 12:03:53,690 [INFO] PluginManage:310 - Check plugin memorymap
2025-08-02 12:03:53,731 [INFO] PluginManage:359 - Loaded plugin memorymap (category:base,tabindex:4)
2025-08-02 12:03:53,731 [INFO] PluginManage:310 - Check plugin pinoutandconfiguration
2025-08-02 12:03:53,756 [INFO] PluginManage:359 - Loaded plugin pinoutandconfiguration (category:base,tabindex:1)
2025-08-02 12:03:53,756 [INFO] PluginManage:310 - Check plugin pinoutconfig
2025-08-02 12:03:53,951 [WARN] SupportedApi:132 - Cannot load RTOS API schema: s4s-elt-must-match.1: The content of 'definitions' must match (annotation?, (simpleType | complexType)?, (unique | key | keyref)*)). A problem was found starting at: attribute.
2025-08-02 12:03:54,317 [INFO] PluginManage:359 - Loaded plugin pinoutconfig (category:base,tabindex:0)
2025-08-02 12:03:54,317 [INFO] PluginManage:310 - Check plugin power
2025-08-02 12:03:54,336 [INFO] PluginManage:359 - Loaded plugin power (category:power,tabindex:4)
2025-08-02 12:03:54,337 [INFO] PluginManage:310 - Check plugin projectmanager
2025-08-02 12:03:54,383 [INFO] PluginManage:359 - Loaded plugin projectmanager (category:projectmanager,tabindex:3)
2025-08-02 12:03:54,384 [INFO] PluginManage:310 - Check plugin thirdparty
2025-08-02 12:03:54,652 [WARN] IntegrityCheckThread:84 - waiting for thirdparty lock release [integrity check]
2025-08-02 12:03:54,652 [INFO] PluginManage:359 - Loaded plugin thirdparty (category:base,tabindex:-1)
2025-08-02 12:03:54,653 [INFO] IntegrityCheckThread:86 - entering critical section [integrity check]
2025-08-02 12:03:54,653 [INFO] PluginManage:310 - Check plugin tools
2025-08-02 12:03:54,653 [INFO] ThirdPartyUpdaterWithRetryManager:70 - Updater plugin not ready yet. [1/15]
2025-08-02 12:03:54,656 [INFO] PluginManage:359 - Loaded plugin tools (category:base,tabindex:7)
2025-08-02 12:03:54,656 [INFO] PluginManage:310 - Check plugin tutovideos
2025-08-02 12:03:55,094 [INFO] PluginManage:359 - Loaded plugin tutovideos (category:base,tabindex:-1)
2025-08-02 12:03:55,094 [INFO] PluginManage:310 - Check plugin updater
2025-08-02 12:03:55,115 [INFO] PluginManage:359 - Loaded plugin updater (category:base,tabindex:12)
2025-08-02 12:03:55,116 [INFO] PluginManage:310 - Check plugin userauth
2025-08-02 12:03:55,127 [INFO] UserAuth:114 - Init User Auth plugin
2025-08-02 12:03:55,127 [INFO] PluginManage:359 - Loaded plugin userauth (category:base,tabindex:14)
2025-08-02 12:03:55,128 [INFO] PluginManage:283 - PluginManage : Loaded plugins [17]
2025-08-02 12:03:55,556 [INFO] PinOutPanel:1561 - setPackage(No Configuration,No Configuration)
2025-08-02 12:03:55,689 [INFO] CADModel:165 - CPN selected for project level
2025-08-02 12:03:55,689 [INFO] CADModel:114 - Register for checkConnection events
2025-08-02 12:03:55,716 [INFO] IPUIPlugin:80 - create IPUIPlugin
2025-08-02 12:03:55,716 [INFO] PluginManager:220 - loadIPPluginJar : add adc
2025-08-02 12:03:55,721 [INFO] IPUIPlugin:80 - create IPUIPlugin
2025-08-02 12:03:55,721 [INFO] PluginManager:220 - loadIPPluginJar : add aes
2025-08-02 12:03:55,725 [INFO] IPUIPlugin:80 - create IPUIPlugin
2025-08-02 12:03:55,725 [INFO] PluginManager:220 - loadIPPluginJar : add can
2025-08-02 12:03:55,728 [INFO] IPUIPlugin:80 - create IPUIPlugin
2025-08-02 12:03:55,728 [INFO] PluginManager:220 - loadIPPluginJar : add comp
2025-08-02 12:03:55,732 [INFO] IPUIPlugin:80 - create IPUIPlugin
2025-08-02 12:03:55,732 [INFO] PluginManager:220 - loadIPPluginJar : add cryp
2025-08-02 12:03:55,736 [INFO] IPUIPlugin:80 - create IPUIPlugin
2025-08-02 12:03:55,736 [INFO] PluginManager:220 - loadIPPluginJar : add dfsdm
2025-08-02 12:03:55,745 [INFO] IPUIPlugin:80 - create IPUIPlugin
2025-08-02 12:03:55,746 [INFO] PluginManager:220 - loadIPPluginJar : add dma
2025-08-02 12:03:55,754 [INFO] IPUIPlugin:80 - create IPUIPlugin
2025-08-02 12:03:55,755 [INFO] PluginManager:220 - loadIPPluginJar : add dma3
2025-08-02 12:03:55,759 [INFO] IPUIPlugin:80 - create IPUIPlugin
2025-08-02 12:03:55,759 [INFO] PluginManager:220 - loadIPPluginJar : add extmemmanager
2025-08-02 12:03:55,762 [INFO] IPUIPlugin:80 - create IPUIPlugin
2025-08-02 12:03:55,762 [INFO] PluginManager:220 - loadIPPluginJar : add fatfs
2025-08-02 12:03:55,769 [INFO] IPUIPlugin:80 - create IPUIPlugin
2025-08-02 12:03:55,769 [INFO] PluginManager:220 - loadIPPluginJar : add fmc
2025-08-02 12:03:55,778 [INFO] IPUIPlugin:80 - create IPUIPlugin
2025-08-02 12:03:55,778 [INFO] PluginManager:220 - loadIPPluginJar : add freertos
2025-08-02 12:03:55,781 [INFO] IPUIPlugin:80 - create IPUIPlugin
2025-08-02 12:03:55,781 [INFO] PluginManager:220 - loadIPPluginJar : add genericplugin
2025-08-02 12:03:55,786 [INFO] IPUIPlugin:80 - create IPUIPlugin
2025-08-02 12:03:55,786 [INFO] PluginManager:220 - loadIPPluginJar : add gfxmmu
2025-08-02 12:03:55,795 [INFO] IPUIPlugin:80 - create IPUIPlugin
2025-08-02 12:03:55,796 [INFO] PluginManager:220 - loadIPPluginJar : add gic
2025-08-02 12:03:55,803 [INFO] IPUIPlugin:80 - create IPUIPlugin
2025-08-02 12:03:55,803 [INFO] PluginManager:220 - loadIPPluginJar : add gpio
2025-08-02 12:03:55,807 [INFO] IPUIPlugin:80 - create IPUIPlugin
2025-08-02 12:03:55,807 [INFO] PluginManager:220 - loadIPPluginJar : add gtzc
2025-08-02 12:03:55,813 [INFO] IPUIPlugin:80 - create IPUIPlugin
2025-08-02 12:03:55,814 [INFO] PluginManager:220 - loadIPPluginJar : add hash
2025-08-02 12:03:55,818 [INFO] IPUIPlugin:80 - create IPUIPlugin
2025-08-02 12:03:55,818 [INFO] PluginManager:220 - loadIPPluginJar : add i2c
2025-08-02 12:03:55,822 [INFO] IPUIPlugin:80 - create IPUIPlugin
2025-08-02 12:03:55,822 [INFO] PluginManager:220 - loadIPPluginJar : add i2s
2025-08-02 12:03:55,826 [INFO] IPUIPlugin:80 - create IPUIPlugin
2025-08-02 12:03:55,826 [INFO] PluginManager:220 - loadIPPluginJar : add i3c
2025-08-02 12:03:55,834 [INFO] IPUIPlugin:80 - create IPUIPlugin
2025-08-02 12:03:55,834 [INFO] PluginManager:220 - loadIPPluginJar : add ipddr
2025-08-02 12:03:55,844 [INFO] IPUIPlugin:80 - create IPUIPlugin
2025-08-02 12:03:55,844 [INFO] PluginManager:220 - loadIPPluginJar : add linkedlist
2025-08-02 12:03:55,849 [INFO] IPUIPlugin:80 - create IPUIPlugin
2025-08-02 12:03:55,850 [INFO] PluginManager:220 - loadIPPluginJar : add lorawan
2025-08-02 12:03:55,854 [INFO] IPUIPlugin:80 - create IPUIPlugin
2025-08-02 12:03:55,854 [INFO] PluginManager:220 - loadIPPluginJar : add ltdc
2025-08-02 12:03:55,865 [INFO] IPUIPlugin:80 - create IPUIPlugin
2025-08-02 12:03:55,865 [INFO] PluginManager:220 - loadIPPluginJar : add mdma
2025-08-02 12:03:55,872 [INFO] IPUIPlugin:80 - create IPUIPlugin
2025-08-02 12:03:55,872 [INFO] PluginManager:220 - loadIPPluginJar : add nvic
2025-08-02 12:03:55,880 [INFO] IPUIPlugin:80 - create IPUIPlugin
2025-08-02 12:03:55,880 [INFO] PluginManager:220 - loadIPPluginJar : add opamp
2025-08-02 12:03:55,886 [INFO] IPUIPlugin:80 - create IPUIPlugin
2025-08-02 12:03:55,886 [INFO] PluginManager:220 - loadIPPluginJar : add openamp
2025-08-02 12:03:55,891 [INFO] IPUIPlugin:80 - create IPUIPlugin
2025-08-02 12:03:55,891 [INFO] PluginManager:220 - loadIPPluginJar : add pdm2pcm
2025-08-02 12:03:55,898 [INFO] IPUIPlugin:80 - create IPUIPlugin
2025-08-02 12:03:55,901 [INFO] PluginManager:220 - loadIPPluginJar : add plateformsettings
2025-08-02 12:03:55,903 [INFO] IPUIPlugin:80 - create IPUIPlugin
2025-08-02 12:03:55,903 [INFO] PluginManager:220 - loadIPPluginJar : add quadspi
2025-08-02 12:03:55,910 [INFO] IPUIPlugin:80 - create IPUIPlugin
2025-08-02 12:03:55,910 [INFO] PluginManager:220 - loadIPPluginJar : add resmgrutility
2025-08-02 12:03:55,914 [INFO] IPUIPlugin:80 - create IPUIPlugin
2025-08-02 12:03:55,914 [INFO] PluginManager:220 - loadIPPluginJar : add sai
2025-08-02 12:03:55,917 [INFO] IPUIPlugin:80 - create IPUIPlugin
2025-08-02 12:03:55,918 [INFO] PluginManager:220 - loadIPPluginJar : add spi
2025-08-02 12:03:55,924 [INFO] IPUIPlugin:80 - create IPUIPlugin
2025-08-02 12:03:55,925 [INFO] PluginManager:220 - loadIPPluginJar : add stm32_wpan
2025-08-02 12:03:55,928 [INFO] IPUIPlugin:80 - create IPUIPlugin
2025-08-02 12:03:55,928 [INFO] PluginManager:220 - loadIPPluginJar : add tim
2025-08-02 12:03:55,933 [INFO] IPUIPlugin:80 - create IPUIPlugin
2025-08-02 12:03:55,933 [INFO] PluginManager:220 - loadIPPluginJar : add touchsensing
2025-08-02 12:03:55,937 [INFO] IPUIPlugin:80 - create IPUIPlugin
2025-08-02 12:03:55,937 [INFO] PluginManager:220 - loadIPPluginJar : add tracer_emb
2025-08-02 12:03:55,940 [INFO] IPUIPlugin:80 - create IPUIPlugin
2025-08-02 12:03:55,941 [INFO] PluginManager:220 - loadIPPluginJar : add ts
2025-08-02 12:03:55,944 [INFO] IPUIPlugin:80 - create IPUIPlugin
2025-08-02 12:03:55,944 [INFO] PluginManager:220 - loadIPPluginJar : add tsc
2025-08-02 12:03:55,947 [INFO] IPUIPlugin:80 - create IPUIPlugin
2025-08-02 12:03:55,947 [INFO] PluginManager:220 - loadIPPluginJar : add ucpd
2025-08-02 12:03:55,952 [INFO] IPUIPlugin:80 - create IPUIPlugin
2025-08-02 12:03:55,952 [INFO] PluginManager:220 - loadIPPluginJar : add usart
2025-08-02 12:03:55,958 [INFO] IPUIPlugin:80 - create IPUIPlugin
2025-08-02 12:03:55,958 [INFO] PluginManager:220 - loadIPPluginJar : add usbx
2025-08-02 12:03:56,145 [INFO] CADModel:165 - CPN selected for project level
2025-08-02 12:03:56,145 [INFO] CADModel:114 - Register for checkConnection events
2025-08-02 12:03:56,145 [FATAL] Updater:308 - Updater called before beeing initialized
2025-08-02 12:03:56,146 [ERROR] CADModel:125 - Updater not yet initialized, retry later 
2025-08-02 12:03:56,384 [INFO] CADModel:165 - CPN selected for project level
2025-08-02 12:03:56,384 [INFO] CADModel:114 - Register for checkConnection events
2025-08-02 12:03:56,384 [FATAL] Updater:308 - Updater called before beeing initialized
2025-08-02 12:03:56,384 [ERROR] CADModel:125 - Updater not yet initialized, retry later 
2025-08-02 12:03:56,389 [FATAL] Updater:308 - Updater called before beeing initialized
2025-08-02 12:03:56,579 [FATAL] Updater:308 - Updater called before beeing initialized
2025-08-02 12:03:56,585 [INFO] DbMcusAds:53 - JSON generation date=Thu Mar 06 15:54:21 CET 2025 (1741272861825)
2025-08-02 12:03:56,585 [FATAL] Updater:308 - Updater called before beeing initialized
2025-08-02 12:03:56,638 [WARN] DetailPanel:346 - Failed to get advertising image, set to default
2025-08-02 12:03:56,770 [FATAL] Updater:308 - Updater called before beeing initialized
2025-08-02 12:03:56,773 [FATAL] Updater:308 - Updater called before beeing initialized
2025-08-02 12:03:56,773 [FATAL] Updater:308 - Updater called before beeing initialized
2025-08-02 12:03:56,773 [WARN] DetailPanel:346 - Failed to get advertising image, set to default
2025-08-02 12:03:56,775 [FATAL] Updater:308 - Updater called before beeing initialized
2025-08-02 12:03:56,843 [ERROR] Updater:1120 - MainUpdater not yet initialized. External WinMGr cannot be set.
2025-08-02 12:03:56,848 [INFO] Updater:1056 - Updater Version found : 6.11.1
2025-08-02 12:03:56,875 [INFO] ApplicationProperties:184 - Using Application install path: C:\ST\STM32CubeIDE_1.15.1\STM32CubeIDE\plugins\com.st.stm32cube.common.mx_6.11.1.202404110753
2025-08-02 12:03:57,655 [INFO] ThirdPartyUpdaterWithRetryManager:70 - Updater plugin not ready yet. [2/15]
2025-08-02 12:03:58,461 [ERROR] LogOutputStream:75 - [STDERR_REDIRECT] Aug 02, 2025 12:03:58 PM java.util.prefs.WindowsPreferences <init>
2025-08-02 12:03:58,465 [ERROR] LogOutputStream:75 - [STDERR_REDIRECT] WARNING: Could not open/create prefs root node Software\JavaSoft\Prefs at root 0xffffffff80000002. Windows RegCreateKeyEx(...) returned error code 5.
2025-08-02 12:03:58,466 [ERROR] LogOutputStream:75 - [STDERR_REDIRECT] 
2025-08-02 12:03:58,797 [INFO] MainUpdater:2873 - connection check result : 22
2025-08-02 12:03:58,798 [INFO] MainUpdater:290 - Updater Check For Update Now.
2025-08-02 12:03:58,799 [INFO] MicroXplorer:498 - Change Database Version : DB.6.0.111
2025-08-02 12:03:58,811 [INFO] McuFinderGlobals:63 - Set McuFinder mode to 2 (CubeIDE integrated)
2025-08-02 12:03:58,825 [INFO] UserAuth:415 - Internet connection configuration mode: 2
2025-08-02 12:03:59,043 [INFO] CheckServerUpdateThread:120 - End of CheckServer Thread
2025-08-02 12:04:01,001 [WARN] PackLoader:240 - Cannot read IP mode file for STMicroelectronics.FP-SNS-MOTENVWB1.1.4.0
2025-08-02 12:04:01,015 [WARN] PackLoader:240 - Cannot read IP mode file for STMicroelectronics.FP-ATR-ASTRA1.2.0.2
2025-08-02 12:04:01,035 [WARN] PackLoader:240 - Cannot read IP mode file for STMicroelectronics.X-CUBE-SMBUS.2.1.0
2025-08-02 12:04:01,046 [WARN] PackLoader:240 - Cannot read IP mode file for STMicroelectronics.X-CUBE-WB05N.1.1.0
2025-08-02 12:04:01,051 [ERROR] Engine:466 - C:\Users\shoot\.stm32cubemx\thirdparties\pdsc\STMicroelectronics.X-CUBE-ST60.1.0.0.pdsc: PDSC version is not supported
2025-08-02 12:04:01,057 [WARN] PackLoader:240 - Cannot read IP mode file for STMicroelectronics.X-CUBE-TOUCHGFX.4.23.2
2025-08-02 12:04:01,096 [WARN] PackLoader:240 - Cannot read IP mode file for STMicroelectronics.X-CUBE-AZRTOS-F7.1.1.0
2025-08-02 12:04:01,199 [WARN] PackLoader:240 - Cannot read IP mode file for STMicroelectronics.X-CUBE-MEMS1.11.0.0
2025-08-02 12:04:01,369 [WARN] PackLoader:240 - Cannot read IP mode file for STMicroelectronics.FP-SNS-FLIGHT1.5.0.2
2025-08-02 12:04:01,393 [WARN] PackLoader:240 - Cannot read IP mode file for STMicroelectronics.X-CUBE-AZRTOS-H7.3.4.0
2025-08-02 12:04:01,406 [WARN] PackLoader:240 - Cannot read IP mode file for STMicroelectronics.X-CUBE-DISPLAY.3.0.0
2025-08-02 12:04:01,414 [WARN] PackLoader:240 - Cannot read IP mode file for STMicroelectronics.X-CUBE-BLE1.7.0.0
2025-08-02 12:04:01,422 [WARN] PackLoader:240 - Cannot read IP mode file for STMicroelectronics.X-CUBE-NFC10.1.0.0
2025-08-02 12:04:01,433 [WARN] PackLoader:240 - Cannot read IP mode file for STMicroelectronics.X-CUBE-BLEMGR.4.0.0
2025-08-02 12:04:01,442 [WARN] PackLoader:240 - Cannot read IP mode file for emotas.I-CUBE-CANOPEN.1.3.0
2025-08-02 12:04:01,449 [WARN] PackLoader:240 - Cannot read IP mode file for STMicroelectronics.X-CUBE-BLEMGR.3.1.0
2025-08-02 12:04:01,455 [WARN] PackLoader:240 - Cannot read IP mode file for STMicroelectronics.X-CUBE-AI.10.0.0
2025-08-02 12:04:01,460 [WARN] PackLoader:240 - Cannot read IP mode file for STMicroelectronics.FP-SNS-SMARTAG2.1.2.0
2025-08-02 12:04:01,464 [ERROR] Engine:466 - C:\Users\shoot\.stm32cubemx\thirdparties\pdsc\STMicroelectronics.FP-SNS-FLIGHT1.5.1.0.pdsc: PDSC version is not supported
2025-08-02 12:04:01,507 [WARN] PackLoader:240 - Cannot read IP mode file for STMicroelectronics.X-CUBE-MEMS1.11.1.0
2025-08-02 12:04:01,619 [INFO] LogOutputStream:77 - [STDOUT_REDIRECT] 1 : Invalid condition id : UX_CORESTACK_Condition cause : null
2025-08-02 12:04:01,621 [INFO] LogOutputStream:77 - [STDOUT_REDIRECT] 1 : Invalid condition id : UX_CORESTACK_Condition cause : null
2025-08-02 12:04:01,622 [INFO] LogOutputStream:77 - [STDOUT_REDIRECT] 1 : Invalid condition id : UX_CORESTACK_Condition cause : null
2025-08-02 12:04:01,623 [INFO] LogOutputStream:77 - [STDOUT_REDIRECT] 1 : Invalid condition id : UX_CORESTACK_Condition cause : null
2025-08-02 12:04:01,624 [INFO] LogOutputStream:77 - [STDOUT_REDIRECT] 1 : Invalid condition id : UX_CORESTACK_Condition cause : null
2025-08-02 12:04:01,628 [WARN] PackLoader:240 - Cannot read IP mode file for STMicroelectronics.X-CUBE-AZRTOS-WL.2.0.0
2025-08-02 12:04:01,633 [WARN] PackLoader:240 - Cannot read IP mode file for STMicroelectronics.FP-SNS-MOTENV1.5.0.0
2025-08-02 12:04:01,640 [WARN] PackLoader:240 - Cannot read IP mode file for wolfSSL.I-CUBE-wolfMQTT.1.19.0
2025-08-02 12:04:01,651 [WARN] PackLoader:240 - Cannot read IP mode file for WES.I-CUBE-Cesium.1.3.0
2025-08-02 12:04:01,655 [WARN] PackLoader:240 - Cannot read IP mode file for STMicroelectronics.X-CUBE-BLE2.3.3.0
2025-08-02 12:04:01,664 [WARN] PackLoader:240 - Cannot read IP mode file for STMicroelectronics.X-CUBE-NFC9.1.0.0
2025-08-02 12:04:01,671 [WARN] PackLoader:240 - Cannot read IP mode file for STMicroelectronics.X-CUBE-BLE1.7.1.0
2025-08-02 12:04:01,677 [WARN] PackLoader:240 - Cannot read IP mode file for STMicroelectronics.X-CUBE-TCPP.4.1.0
2025-08-02 12:04:01,686 [WARN] PackLoader:240 - Cannot read IP mode file for STMicroelectronics.X-CUBE-EEPRMA1.5.2.0
2025-08-02 12:04:01,691 [WARN] PackLoader:240 - Cannot read IP mode file for STMicroelectronics.X-CUBE-AI.10.1.0
2025-08-02 12:04:01,700 [WARN] PackLoader:240 - Cannot read IP mode file for STMicroelectronics.X-CUBE-ALGOBUILD.1.3.0
2025-08-02 12:04:01,747 [WARN] PackLoader:240 - Cannot read IP mode file for STMicroelectronics.X-CUBE-MEMS1.11.2.0
2025-08-02 12:04:01,863 [WARN] PackLoader:240 - Cannot read IP mode file for STMicroelectronics.X-CUBE-AZRTOS-G0.1.1.0
2025-08-02 12:04:01,872 [WARN] PackLoader:240 - Cannot read IP mode file for STMicroelectronics.X-CUBE-SAFEA1.1.2.2
2025-08-02 12:04:01,878 [WARN] PackLoader:240 - Cannot read IP mode file for STMicroelectronics.X-CUBE-NFC4.3.0.0
2025-08-02 12:04:01,882 [WARN] PackLoader:240 - Cannot read IP mode file for wolfSSL.I-CUBE-wolfMQTT.1.18.0
2025-08-02 12:04:01,892 [WARN] PackLoader:240 - Cannot read IP mode file for EmbeddedOffice.I-CUBE-FS-RTOS.1.0.1
2025-08-02 12:04:01,893 [ERROR] ConditionMgr:805 - Attr not supported : Dmpu
2025-08-02 12:04:01,893 [ERROR] ConditionMgr:805 - Attr not supported : Dmpu
2025-08-02 12:04:01,893 [ERROR] ConditionMgr:805 - Attr not supported : Dmpu
2025-08-02 12:04:01,893 [ERROR] ConditionMgr:805 - Attr not supported : Dmpu
2025-08-02 12:04:01,893 [ERROR] ConditionMgr:805 - Attr not supported : Dmpu
2025-08-02 12:04:01,893 [ERROR] ConditionMgr:805 - Attr not supported : Dmpu
2025-08-02 12:04:01,893 [ERROR] ConditionMgr:805 - Attr not supported : Dmpu
2025-08-02 12:04:01,893 [ERROR] ConditionMgr:805 - Attr not supported : Dmpu
2025-08-02 12:04:01,893 [ERROR] ConditionMgr:805 - Attr not supported : Dmpu
2025-08-02 12:04:01,893 [ERROR] ConditionMgr:805 - Attr not supported : Dmpu
2025-08-02 12:04:01,893 [ERROR] ConditionMgr:805 - Attr not supported : Dmpu
2025-08-02 12:04:01,893 [ERROR] ConditionMgr:805 - Attr not supported : Dmpu
2025-08-02 12:04:01,893 [ERROR] ConditionMgr:805 - Attr not supported : Dmpu
2025-08-02 12:04:01,894 [ERROR] ConditionMgr:805 - Attr not supported : Dmpu
2025-08-02 12:04:01,894 [ERROR] ConditionMgr:805 - Attr not supported : Dmpu
2025-08-02 12:04:01,894 [ERROR] ConditionMgr:805 - Attr not supported : Dmpu
2025-08-02 12:04:01,894 [ERROR] ConditionMgr:805 - Attr not supported : Dmpu
2025-08-02 12:04:01,894 [ERROR] ConditionMgr:805 - Attr not supported : Dmpu
2025-08-02 12:04:01,894 [ERROR] ConditionMgr:805 - Attr not supported : Dmpu
2025-08-02 12:04:01,894 [ERROR] ConditionMgr:805 - Attr not supported : Dmpu
2025-08-02 12:04:01,894 [ERROR] ConditionMgr:805 - Attr not supported : Dmpu
2025-08-02 12:04:01,894 [ERROR] ConditionMgr:805 - Attr not supported : Dmpu
2025-08-02 12:04:01,894 [ERROR] ConditionMgr:805 - Attr not supported : Dmpu
2025-08-02 12:04:01,894 [ERROR] ConditionMgr:805 - Attr not supported : Dmpu
2025-08-02 12:04:01,894 [ERROR] ConditionMgr:805 - Attr not supported : Dmpu
2025-08-02 12:04:01,894 [ERROR] ConditionMgr:805 - Attr not supported : Dmpu
2025-08-02 12:04:01,895 [ERROR] ConditionMgr:805 - Attr not supported : Dmpu
2025-08-02 12:04:01,895 [ERROR] ConditionMgr:805 - Attr not supported : Dmpu
2025-08-02 12:04:01,895 [ERROR] ConditionMgr:805 - Attr not supported : Dmpu
2025-08-02 12:04:01,895 [ERROR] ConditionMgr:805 - Attr not supported : Dmpu
2025-08-02 12:04:01,895 [ERROR] ConditionMgr:805 - Attr not supported : Dmpu
2025-08-02 12:04:01,895 [ERROR] ConditionMgr:805 - Attr not supported : Dmpu
2025-08-02 12:04:01,895 [ERROR] ConditionMgr:805 - Attr not supported : Dmpu
2025-08-02 12:04:01,895 [ERROR] ConditionMgr:805 - Attr not supported : Dmpu
2025-08-02 12:04:01,895 [ERROR] ConditionMgr:805 - Attr not supported : Dmpu
2025-08-02 12:04:01,895 [ERROR] ConditionMgr:805 - Attr not supported : Dmpu
2025-08-02 12:04:01,895 [ERROR] ConditionMgr:805 - Attr not supported : Dmpu
2025-08-02 12:04:01,895 [ERROR] ConditionMgr:805 - Attr not supported : Dmpu
2025-08-02 12:04:01,895 [ERROR] ConditionMgr:805 - Attr not supported : Dmpu
2025-08-02 12:04:01,895 [ERROR] ConditionMgr:805 - Attr not supported : Dmpu
2025-08-02 12:04:01,896 [ERROR] ConditionMgr:805 - Attr not supported : Dmpu
2025-08-02 12:04:01,896 [ERROR] ConditionMgr:805 - Attr not supported : Dmpu
2025-08-02 12:04:01,896 [ERROR] ConditionMgr:805 - Attr not supported : Dmpu
2025-08-02 12:04:01,896 [ERROR] ConditionMgr:805 - Attr not supported : Dmpu
2025-08-02 12:04:01,896 [ERROR] ConditionMgr:805 - Attr not supported : Dmpu
2025-08-02 12:04:01,896 [ERROR] ConditionMgr:805 - Attr not supported : Dmpu
2025-08-02 12:04:01,896 [ERROR] ConditionMgr:805 - Attr not supported : Dmpu
2025-08-02 12:04:01,896 [ERROR] ConditionMgr:805 - Attr not supported : Dmpu
2025-08-02 12:04:01,896 [ERROR] ConditionMgr:805 - Attr not supported : Dmpu
2025-08-02 12:04:01,896 [ERROR] ConditionMgr:805 - Attr not supported : Dmpu
2025-08-02 12:04:01,896 [ERROR] ConditionMgr:805 - Attr not supported : Dmpu
2025-08-02 12:04:01,896 [ERROR] ConditionMgr:805 - Attr not supported : Dmpu
2025-08-02 12:04:01,896 [ERROR] ConditionMgr:805 - Attr not supported : Dmpu
2025-08-02 12:04:01,896 [ERROR] ConditionMgr:805 - Attr not supported : Dmpu
2025-08-02 12:04:01,896 [ERROR] ConditionMgr:805 - Attr not supported : Dmpu
2025-08-02 12:04:01,896 [ERROR] ConditionMgr:805 - Attr not supported : Dmpu
2025-08-02 12:04:01,896 [ERROR] ConditionMgr:805 - Attr not supported : Dmpu
2025-08-02 12:04:01,896 [ERROR] ConditionMgr:805 - Attr not supported : Dmpu
2025-08-02 12:04:01,897 [ERROR] ConditionMgr:805 - Attr not supported : Dmpu
2025-08-02 12:04:01,897 [ERROR] ConditionMgr:805 - Attr not supported : Dmpu
2025-08-02 12:04:01,897 [ERROR] ConditionMgr:805 - Attr not supported : Dmpu
2025-08-02 12:04:01,897 [ERROR] ConditionMgr:805 - Attr not supported : Dmpu
2025-08-02 12:04:01,897 [ERROR] ConditionMgr:805 - Attr not supported : Dmpu
2025-08-02 12:04:01,897 [ERROR] ConditionMgr:805 - Attr not supported : Dmpu
2025-08-02 12:04:01,903 [WARN] PackLoader:240 - Cannot read IP mode file for STMicroelectronics.X-CUBE-WB05N.2.0.0
2025-08-02 12:04:01,907 [ERROR] Engine:466 - C:\Users\shoot\.stm32cubemx\thirdparties\pdsc\STMicroelectronics.X-CUBE-TCPP.4.2.0.pdsc: PDSC version is not supported
2025-08-02 12:04:01,914 [WARN] PackLoader:240 - Cannot read IP mode file for RealThread.X-CUBE-RT-Thread_Nano.4.1.1
2025-08-02 12:04:01,920 [WARN] PackLoader:240 - Cannot read IP mode file for wolfSSL.I-CUBE-wolfSSL.5.7.0
2025-08-02 12:04:01,925 [WARN] PackLoader:240 - Cannot read IP mode file for STMicroelectronics.FP-ATR-SIGFOX1.3.2.0
2025-08-02 12:04:01,930 [WARN] ConditionMgr:438 - getConditionDescription Invalid condition id : Cortex-A Device cause : null
2025-08-02 12:04:01,964 [WARN] ConditionMgr:1039 - genDependencies : Invalid condition id : Cortex-A Device cause : null
2025-08-02 12:04:01,964 [WARN] ConditionMgr:1039 - genDependencies : Invalid condition id : Cortex-A Device cause : null
2025-08-02 12:04:01,964 [WARN] ConditionMgr:1039 - genDependencies : Invalid condition id : Cortex-A Device cause : null
2025-08-02 12:04:01,969 [WARN] PackLoader:240 - Cannot read IP mode file for STMicroelectronics.X-CUBE-EEPRMA1.5.1.0
2025-08-02 12:04:01,979 [WARN] PackLoader:240 - Cannot read IP mode file for ITTIA_DB.I-CUBE-ITTIADB.8.9.0
2025-08-02 12:04:01,982 [ERROR] Engine:466 - C:\Users\shoot\.stm32cubemx\thirdparties\pdsc\STMicroelectronics.X-CUBE-ST67W61.1.0.0.pdsc: PDSC version is not supported
2025-08-02 12:04:02,017 [WARN] PackLoader:240 - Cannot read IP mode file for SEGGER.I-CUBE-embOS.1.3.1
2025-08-02 12:04:02,055 [WARN] PackLoader:240 - Cannot read IP mode file for STMicroelectronics.X-CUBE-ALGOBUILD.1.4.0
2025-08-02 12:04:02,102 [WARN] PackLoader:240 - Cannot read IP mode file for STMicroelectronics.X-CUBE-MEMS1.11.3.0
2025-08-02 12:04:02,251 [WARN] PackLoader:240 - Cannot read IP mode file for STMicroelectronics.X-CUBE-AI.9.1.0
2025-08-02 12:04:02,256 [WARN] PackLoader:240 - Cannot read IP mode file for STMicroelectronics.X-CUBE-PM33A1.1.0.0
2025-08-02 12:04:02,262 [WARN] PackLoader:240 - Cannot read IP mode file for STMicroelectronics.X-CUBE-GNSS1.6.0.0
2025-08-02 12:04:02,277 [WARN] PackLoader:240 - Cannot read IP mode file for STMicroelectronics.X-CUBE-AZRTOS-F4.1.1.0
2025-08-02 12:04:02,281 [ERROR] Engine:466 - C:\Users\shoot\.stm32cubemx\thirdparties\pdsc\Avnet-IotConnect.X-CUBE-IoTC-DA16k-PMOD.1.0.0.pdsc: PDSC version is not supported
2025-08-02 12:04:02,285 [WARN] PackLoader:240 - Cannot read IP mode file for STMicroelectronics.X-CUBE-ISPU.2.1.0
2025-08-02 12:04:02,290 [WARN] PackLoader:240 - Cannot read IP mode file for STMicroelectronics.X-CUBE-FREERTOS.1.2.0
2025-08-02 12:04:02,299 [WARN] PackLoader:240 - Cannot read IP mode file for STMicroelectronics.X-CUBE-NFC12.1.0.0
2025-08-02 12:04:02,315 [WARN] PackLoader:240 - Cannot read IP mode file for STMicroelectronics.X-CUBE-AZRTOS-L5.2.0.0
2025-08-02 12:04:02,323 [WARN] PackLoader:240 - Cannot read IP mode file for STMicroelectronics.X-CUBE-NFC6.3.1.0
2025-08-02 12:04:02,330 [WARN] PackLoader:240 - Cannot read IP mode file for STMicroelectronics.X-CUBE-DPower.1.2.0
2025-08-02 12:04:02,333 [WARN] PackLoader:240 - Cannot read IP mode file for STMicroelectronics.X-CUBE-AI.9.0.0
2025-08-02 12:04:02,338 [WARN] PackLoader:240 - Cannot read IP mode file for STMicroelectronics.X-CUBE-FREERTOS.1.3.1
2025-08-02 12:04:02,342 [WARN] PackLoader:240 - Cannot read IP mode file for STMicroelectronics.X-CUBE-FREERTOS.1.3.0
2025-08-02 12:04:02,346 [WARN] PackLoader:240 - Cannot read IP mode file for STMicroelectronics.X-CUBE-NFC7.1.0.1
2025-08-02 12:04:02,352 [WARN] PackLoader:240 - Cannot read IP mode file for wolfSSL.I-CUBE-wolfTPM.3.2.0
2025-08-02 12:04:02,354 [ERROR] Engine:466 - C:\Users\shoot\.stm32cubemx\thirdparties\pdsc\STMicroelectronics.FP-SNS-STAIOTCFT.1.0.0.pdsc: PDSC version is not supported
2025-08-02 12:04:02,358 [WARN] PackLoader:240 - Cannot read IP mode file for STMicroelectronics.X-CUBE-DPower.1.3.0
2025-08-02 12:04:02,372 [WARN] ConditionMgr:438 - getConditionDescription Invalid condition id : LAN8742 Phy interface Condition cause : null
2025-08-02 12:04:02,372 [WARN] PackLoader:240 - Cannot read IP mode file for STMicroelectronics.X-CUBE-AZRTOS-L4.2.0.0
2025-08-02 12:04:02,373 [WARN] ConditionMgr:1039 - genDependencies : Invalid condition id : LAN8742 Phy interface Condition cause : null
2025-08-02 12:04:02,373 [WARN] ConditionMgr:1039 - genDependencies : Invalid condition id : LAN8742 Phy interface Condition cause : null
2025-08-02 12:04:02,373 [WARN] ConditionMgr:1039 - genDependencies : Invalid condition id : LAN8742 Phy interface Condition cause : null
2025-08-02 12:04:02,381 [WARN] PackLoader:240 - Cannot read IP mode file for STMicroelectronics.X-CUBE-SFXS2LP1.4.0.0
2025-08-02 12:04:02,397 [WARN] PackLoader:240 - Cannot read IP mode file for STMicroelectronics.X-CUBE-AZRTOS-H7.3.3.0
2025-08-02 12:04:02,403 [ERROR] Engine:466 - C:\Users\shoot\.stm32cubemx\thirdparties\pdsc\STMicroelectronics.X-CUBE-BLEMGR.4.1.0.pdsc: PDSC version is not supported
2025-08-02 12:04:02,413 [WARN] PackLoader:240 - Cannot read IP mode file for STMicroelectronics.X-CUBE-IPS.3.0.0
2025-08-02 12:04:02,426 [WARN] ConditionMgr:438 - getConditionDescription Invalid condition id : UX DEVICE CLASS RTOS Condition cause : null
2025-08-02 12:04:02,426 [WARN] ConditionMgr:438 - getConditionDescription Invalid condition id : UX DEVICE CLASS RTOS Condition cause : null
2025-08-02 12:04:02,428 [WARN] PackLoader:240 - Cannot read IP mode file for STMicroelectronics.X-CUBE-AZRTOS-WB.2.0.0
2025-08-02 12:04:02,429 [WARN] ConditionMgr:1039 - genDependencies : Invalid condition id : UX DEVICE CLASS RTOS Condition cause : null
2025-08-02 12:04:02,429 [WARN] ConditionMgr:1039 - genDependencies : Invalid condition id : UX DEVICE CLASS RTOS Condition cause : null
2025-08-02 12:04:02,429 [WARN] ConditionMgr:1039 - genDependencies : Invalid condition id : UX DEVICE CLASS RTOS Condition cause : null
2025-08-02 12:04:02,429 [WARN] ConditionMgr:1039 - genDependencies : Invalid condition id : UX DEVICE CLASS RTOS Condition cause : null
2025-08-02 12:04:02,429 [WARN] ConditionMgr:1039 - genDependencies : Invalid condition id : UX DEVICE CLASS RTOS Condition cause : null
2025-08-02 12:04:02,434 [WARN] PackLoader:240 - Cannot read IP mode file for STMicroelectronics.X-CUBE-GNSS1.7.0.0
2025-08-02 12:04:02,439 [WARN] PackLoader:240 - Cannot read IP mode file for STMicroelectronics.X-CUBE-GNSS1.7.0.1
2025-08-02 12:04:02,444 [WARN] PackLoader:240 - Cannot read IP mode file for STMicroelectronics.X-CUBE-TOUCHGFX.4.25.0
2025-08-02 12:04:02,449 [WARN] PackLoader:240 - Cannot read IP mode file for STMicroelectronics.FP-SNS-STBOX1.2.0.0
2025-08-02 12:04:02,460 [WARN] PackLoader:240 - Cannot read IP mode file for STMicroelectronics.X-CUBE-SUBG2.5.0.0
2025-08-02 12:04:02,479 [WARN] PackLoader:240 - Cannot read IP mode file for STMicroelectronics.X-CUBE-AZRTOS-H7RS.1.1.0
2025-08-02 12:04:02,486 [WARN] PackLoader:240 - Cannot read IP mode file for Cesanta.I-CUBE-Mongoose.7.13.0
2025-08-02 12:04:02,498 [WARN] PackLoader:240 - Cannot read IP mode file for STMicroelectronics.X-CUBE-AZRTOS-G4.2.0.0
2025-08-02 12:04:02,505 [WARN] PackLoader:240 - Cannot read IP mode file for STMicroelectronics.X-CUBE-NFC7.2.0.0
2025-08-02 12:04:02,509 [WARN] PackLoader:240 - Cannot read IP mode file for STMicroelectronics.X-CUBE-ISPU.2.0.0
2025-08-02 12:04:02,515 [ERROR] Engine:466 - C:\Users\shoot\.stm32cubemx\thirdparties\pdsc\STMicroelectronics.X-CUBE-IPS.3.1.0.pdsc: PDSC version is not supported
2025-08-02 12:04:02,519 [WARN] PackLoader:240 - Cannot read IP mode file for STMicroelectronics.X-CUBE-ALS.1.0.2
2025-08-02 12:04:02,554 [WARN] PackLoader:240 - Cannot read IP mode file for STMicroelectronics.X-CUBE-MEMS1.10.0.0
2025-08-02 12:04:02,644 [WARN] PackLoader:240 - Cannot read IP mode file for STMicroelectronics.X-CUBE-TOUCHGFX.4.24.0
2025-08-02 12:04:02,647 [WARN] PackLoader:240 - Cannot read IP mode file for STMicroelectronics.X-CUBE-TOUCHGFX.4.24.2
2025-08-02 12:04:02,651 [WARN] PackLoader:240 - Cannot read IP mode file for STMicroelectronics.X-CUBE-TOUCHGFX.4.24.1
2025-08-02 12:04:02,656 [WARN] PackLoader:240 - Cannot read IP mode file for portGmbH.I-Cube-SoM-uGOAL.1.1.0
2025-08-02 12:04:02,659 [WARN] PackLoader:240 - Cannot read IP mode file for STMicroelectronics.X-CUBE-ALS.1.0.1
2025-08-02 12:04:02,674 [WARN] PackLoader:240 - Cannot read IP mode file for STMicroelectronics.X-CUBE-AZRTOS-H7RS.1.0.0
2025-08-02 12:04:02,679 [WARN] PackLoader:240 - Cannot read IP mode file for STMicroelectronics.FP-ATR-ASTRA1.2.0.0
2025-08-02 12:04:02,688 [WARN] PackLoader:240 - Cannot read IP mode file for STMicroelectronics.X-CUBE-TOF1.3.4.2
2025-08-02 12:04:02,699 [ERROR] Engine:466 - C:\Users\shoot\.stm32cubemx\thirdparties\pdsc\STMicroelectronics.X-CUBE-TOF1.3.4.3.pdsc: PDSC version is not supported
2025-08-02 12:04:02,708 [WARN] PackLoader:240 - Cannot read IP mode file for STMicroelectronics.X-CUBE-TOF1.3.4.1
2025-08-02 12:04:02,731 [WARN] PackLoader:240 - Cannot read IP mode file for STMicroelectronics.X-CUBE-AZRTOS-H7.3.2.0
2025-08-02 12:04:02,745 [WARN] PackLoader:240 - Cannot read IP mode file for Infineon.AIROC-Wi-Fi-Bluetooth-STM32.1.6.0
2025-08-02 12:04:02,759 [WARN] PackLoader:240 - Cannot read IP mode file for wolfSSL.I-CUBE-wolfSSH.1.4.17
2025-08-02 12:04:02,760 [INFO] ThirdParty:978 - Integrity check success = true
2025-08-02 12:04:02,760 [INFO] IntegrityCheckThread:100 - exiting critical section [integrity check]
2025-08-02 12:04:02,760 [INFO] IntegrityCheckThread:103 - End integrity checks thread
2025-08-02 12:13:35,756 [ERROR] LogOutputStream:75 - [STDERR_REDIRECT] 
2025-08-02 14:17:46,408 [INFO] Activator:176 - 


2025-08-02 14:17:46,411 [INFO] Activator:177 - !SESSION log4j initialized
2025-08-02 14:17:52,883 [INFO] LogOutputStream:77 - [STDOUT_REDIRECT] 
2025-08-02 14:17:55,598 [INFO] ApplicationProperties:184 - Using Application install path: C:\ST\STM32CubeIDE_1.15.1\STM32CubeIDE\plugins\com.st.stm32cube.common.mx_6.11.1.202404110753
2025-08-02 14:17:55,623 [INFO] DbMcusXml:78 - Set database path to: C:\ST\STM32CubeIDE_1.15.1\STM32CubeIDE\plugins\com.st.stm32cube.common.mx_6.11.1.202404110753\\db\/mcu/
2025-08-02 14:17:55,624 [INFO] ApiDb:274 - Set plugin database path to: C:\ST\STM32CubeIDE_1.15.1\STM32CubeIDE\plugins\com.st.stm32cube.common.mx_6.11.1.202404110753\\db\/plugins/boardmanager/
2025-08-02 14:17:55,624 [WARN] ApiDb:259 - Overriding images path with different value:  => C:\ST\STM32CubeIDE_1.15.1\STM32CubeIDE\plugins\com.st.stm32cube.common.mx_6.11.1.202404110753\\db\/plugins/mcufinder/images/
2025-08-02 14:17:55,636 [INFO] ApiDb:250 - Set database path to: C:\Users\shoot\.stmcufinder\plugins\mcufinder//mcu/
2025-08-02 14:17:55,638 [INFO] DbMcusAds:125 - Set database path to: C:\Users\shoot\.stmcufinder\plugins\mcufinder//mcu/
2025-08-02 14:17:55,641 [INFO] CrossReferenceDbSqlite:203 - Set database path to: C:\Users\shoot\.stmcufinder\plugins\mcufinder//mcu/cs/
2025-08-02 14:17:55,751 [ERROR] ConfigurationRetriever:142 - IOException on connection: Connect timed out
2025-08-02 14:17:55,822 [INFO] RulesReader:64 - Compatibility file has been processed (297 Rules)
2025-08-02 14:17:55,956 [INFO] DbMcusXml:78 - Set database path to: C:\ST\STM32CubeIDE_1.15.1\STM32CubeIDE\plugins\com.st.stm32cube.common.mx_6.11.1.202404110753\\db\/mcu/
2025-08-02 14:17:55,956 [INFO] ApiDb:274 - Set plugin database path to: C:\ST\STM32CubeIDE_1.15.1\STM32CubeIDE\plugins\com.st.stm32cube.common.mx_6.11.1.202404110753\\db\/plugins/boardmanager/
2025-08-02 14:17:55,956 [INFO] ApiDb:261 - Set plugin images path to: C:\ST\STM32CubeIDE_1.15.1\STM32CubeIDE\plugins\com.st.stm32cube.common.mx_6.11.1.202404110753\\db\/plugins/mcufinder/images/
2025-08-02 14:17:55,958 [WARN] DbFile:41 - Overriding database path with different value: C:\Users\shoot\.stmcufinder\plugins\mcufinder/ => C:\Users\shoot\.stmcufinder\plugins\mcufinder
2025-08-02 14:17:55,958 [INFO] ApiDb:250 - Set database path to: C:\Users\shoot\.stmcufinder\plugins\mcufinder//mcu/
2025-08-02 14:17:55,958 [WARN] DbFile:41 - Overriding database path with different value: C:\Users\shoot\.stmcufinder\plugins\mcufinder/ => C:\Users\shoot\.stmcufinder\plugins\mcufinder
2025-08-02 14:17:55,958 [INFO] DbMcusAds:125 - Set database path to: C:\Users\shoot\.stmcufinder\plugins\mcufinder//mcu/
2025-08-02 14:17:55,958 [WARN] DbFile:41 - Overriding database path with different value: C:\Users\shoot\.stmcufinder\plugins\mcufinder/ => C:\Users\shoot\.stmcufinder\plugins\mcufinder
2025-08-02 14:17:55,958 [WARN] DbFile:41 - Overriding database path with different value: C:\Users\shoot\.stmcufinder\plugins\mcufinder/ => C:\Users\shoot\.stmcufinder\plugins\mcufinder
2025-08-02 14:17:55,958 [INFO] CrossReferenceDbSqlite:203 - Set database path to: C:\Users\shoot\.stmcufinder\plugins\mcufinder//mcu/cs/
2025-08-02 14:17:56,076 [INFO] MainPanel:264 - HeapMemory: 268435456
2025-08-02 14:17:56,239 [INFO] DbMcusXml:78 - Set database path to: C:\ST\STM32CubeIDE_1.15.1\STM32CubeIDE\plugins\com.st.stm32cube.common.mx_6.11.1.202404110753\\db\/mcu/
2025-08-02 14:17:56,239 [INFO] ApiDb:274 - Set plugin database path to: C:\ST\STM32CubeIDE_1.15.1\STM32CubeIDE\plugins\com.st.stm32cube.common.mx_6.11.1.202404110753\\db\/plugins/boardmanager/
2025-08-02 14:17:56,239 [INFO] ApiDb:261 - Set plugin images path to: C:\ST\STM32CubeIDE_1.15.1\STM32CubeIDE\plugins\com.st.stm32cube.common.mx_6.11.1.202404110753\\db\/plugins/mcufinder/images/
2025-08-02 14:17:56,240 [WARN] DbFile:41 - Overriding database path with different value: C:\Users\shoot\.stmcufinder\plugins\mcufinder/ => C:\Users\shoot\.stmcufinder\plugins\mcufinder
2025-08-02 14:17:56,240 [INFO] ApiDb:250 - Set database path to: C:\Users\shoot\.stmcufinder\plugins\mcufinder//mcu/
2025-08-02 14:17:56,240 [WARN] DbFile:41 - Overriding database path with different value: C:\Users\shoot\.stmcufinder\plugins\mcufinder/ => C:\Users\shoot\.stmcufinder\plugins\mcufinder
2025-08-02 14:17:56,240 [INFO] DbMcusAds:125 - Set database path to: C:\Users\shoot\.stmcufinder\plugins\mcufinder//mcu/
2025-08-02 14:17:56,241 [WARN] DbFile:41 - Overriding database path with different value: C:\Users\shoot\.stmcufinder\plugins\mcufinder/ => C:\Users\shoot\.stmcufinder\plugins\mcufinder
2025-08-02 14:17:56,241 [WARN] DbFile:41 - Overriding database path with different value: C:\Users\shoot\.stmcufinder\plugins\mcufinder/ => C:\Users\shoot\.stmcufinder\plugins\mcufinder
2025-08-02 14:17:56,241 [INFO] CrossReferenceDbSqlite:203 - Set database path to: C:\Users\shoot\.stmcufinder\plugins\mcufinder//mcu/cs/
2025-08-02 14:17:56,271 [INFO] ApplicationProperties:184 - Using Application install path: C:\ST\STM32CubeIDE_1.15.1\STM32CubeIDE\plugins\com.st.stm32cube.common.mx_6.11.1.202404110753
2025-08-02 14:17:56,274 [INFO] PluginManage:196 - Search for loadable plugins [exclusion list=, ]
2025-08-02 14:17:56,276 [INFO] PluginManage:310 - Check plugin analytics
2025-08-02 14:17:56,554 [INFO] AnalyticsPlugin:253 - Accepted Software Licenses: 
2025-08-02 14:17:56,554 [INFO] AnalyticsPlugin:255 - Accepted CMSIS Pack Licenses: 
2025-08-02 14:17:56,555 [INFO] AnalyticsPlugin:257 - Accepted Firmware Licenses: FW.F7.1.17.0
2025-08-02 14:17:56,558 [INFO] PluginManage:359 - Loaded plugin analytics (category:tool,tabindex:-1)
2025-08-02 14:17:56,558 [INFO] PluginManage:310 - Check plugin cadmodel
2025-08-02 14:17:56,582 [INFO] CADModel:105 - Init CAD model plugin
2025-08-02 14:17:56,582 [INFO] PluginManage:359 - Loaded plugin cadmodel (category:power,tabindex:5)
2025-08-02 14:17:56,582 [INFO] PluginManage:310 - Check plugin clock
2025-08-02 14:17:56,612 [INFO] PluginManage:359 - Loaded plugin clock (category:base,tabindex:2)
2025-08-02 14:17:56,613 [INFO] PluginManage:310 - Check plugin ddr
2025-08-02 14:17:56,615 [INFO] PluginManage:359 - Loaded plugin ddr (category:tool,tabindex:6)
2025-08-02 14:17:56,615 [INFO] PluginManage:310 - Check plugin filemanager
2025-08-02 14:17:56,808 [INFO] PluginManage:359 - Loaded plugin filemanager (category:base,tabindex:10)
2025-08-02 14:17:56,808 [INFO] PluginManage:310 - Check plugin ipmanager
2025-08-02 14:17:56,821 [INFO] PluginManage:359 - Loaded plugin ipmanager (category:base,tabindex:5)
2025-08-02 14:17:56,821 [INFO] PluginManage:310 - Check plugin lpbam
2025-08-02 14:17:56,850 [INFO] PluginManage:359 - Loaded plugin lpbam (category:base,tabindex:0)
2025-08-02 14:17:56,850 [INFO] PluginManage:310 - Check plugin memorymap
2025-08-02 14:17:56,888 [INFO] PluginManage:359 - Loaded plugin memorymap (category:base,tabindex:4)
2025-08-02 14:17:56,889 [INFO] PluginManage:310 - Check plugin pinoutandconfiguration
2025-08-02 14:17:56,917 [INFO] PluginManage:359 - Loaded plugin pinoutandconfiguration (category:base,tabindex:1)
2025-08-02 14:17:56,917 [INFO] PluginManage:310 - Check plugin pinoutconfig
2025-08-02 14:17:57,062 [WARN] SupportedApi:132 - Cannot load RTOS API schema: s4s-elt-must-match.1: The content of 'definitions' must match (annotation?, (simpleType | complexType)?, (unique | key | keyref)*)). A problem was found starting at: attribute.
2025-08-02 14:17:57,272 [INFO] PluginManage:359 - Loaded plugin pinoutconfig (category:base,tabindex:0)
2025-08-02 14:17:57,272 [INFO] PluginManage:310 - Check plugin power
2025-08-02 14:17:57,316 [INFO] PluginManage:359 - Loaded plugin power (category:power,tabindex:4)
2025-08-02 14:17:57,317 [INFO] PluginManage:310 - Check plugin projectmanager
2025-08-02 14:17:57,338 [INFO] PluginManage:359 - Loaded plugin projectmanager (category:projectmanager,tabindex:3)
2025-08-02 14:17:57,339 [INFO] PluginManage:310 - Check plugin thirdparty
2025-08-02 14:17:57,754 [ERROR] ConfigurationRetriever:142 - IOException on connection: Connect timed out
2025-08-02 14:17:57,787 [WARN] IntegrityCheckThread:84 - waiting for thirdparty lock release [integrity check]
2025-08-02 14:17:57,787 [INFO] PluginManage:359 - Loaded plugin thirdparty (category:base,tabindex:-1)
2025-08-02 14:17:57,788 [INFO] IntegrityCheckThread:86 - entering critical section [integrity check]
2025-08-02 14:17:57,788 [INFO] PluginManage:310 - Check plugin tools
2025-08-02 14:17:57,788 [INFO] ThirdPartyUpdaterWithRetryManager:70 - Updater plugin not ready yet. [1/15]
2025-08-02 14:17:57,856 [INFO] PluginManage:359 - Loaded plugin tools (category:base,tabindex:7)
2025-08-02 14:17:57,857 [INFO] PluginManage:310 - Check plugin tutovideos
2025-08-02 14:17:58,111 [INFO] PluginManage:359 - Loaded plugin tutovideos (category:base,tabindex:-1)
2025-08-02 14:17:58,111 [INFO] PluginManage:310 - Check plugin updater
2025-08-02 14:17:58,126 [INFO] PluginManage:359 - Loaded plugin updater (category:base,tabindex:12)
2025-08-02 14:17:58,127 [INFO] PluginManage:310 - Check plugin userauth
2025-08-02 14:17:58,133 [INFO] UserAuth:114 - Init User Auth plugin
2025-08-02 14:17:58,134 [INFO] PluginManage:359 - Loaded plugin userauth (category:base,tabindex:14)
2025-08-02 14:17:58,134 [INFO] PluginManage:283 - PluginManage : Loaded plugins [17]
2025-08-02 14:17:58,446 [INFO] PinOutPanel:1561 - setPackage(No Configuration,No Configuration)
2025-08-02 14:17:58,584 [INFO] CADModel:165 - CPN selected for project level
2025-08-02 14:17:58,584 [INFO] CADModel:114 - Register for checkConnection events
2025-08-02 14:17:58,624 [INFO] IPUIPlugin:80 - create IPUIPlugin
2025-08-02 14:17:58,625 [INFO] PluginManager:220 - loadIPPluginJar : add adc
2025-08-02 14:17:58,687 [INFO] IPUIPlugin:80 - create IPUIPlugin
2025-08-02 14:17:58,687 [INFO] PluginManager:220 - loadIPPluginJar : add aes
2025-08-02 14:17:58,759 [INFO] IPUIPlugin:80 - create IPUIPlugin
2025-08-02 14:17:58,759 [INFO] PluginManager:220 - loadIPPluginJar : add can
2025-08-02 14:17:58,806 [INFO] IPUIPlugin:80 - create IPUIPlugin
2025-08-02 14:17:58,806 [INFO] PluginManager:220 - loadIPPluginJar : add comp
2025-08-02 14:17:58,871 [INFO] IPUIPlugin:80 - create IPUIPlugin
2025-08-02 14:17:58,871 [INFO] PluginManager:220 - loadIPPluginJar : add cryp
2025-08-02 14:17:58,930 [INFO] IPUIPlugin:80 - create IPUIPlugin
2025-08-02 14:17:58,930 [INFO] PluginManager:220 - loadIPPluginJar : add dfsdm
2025-08-02 14:17:58,951 [INFO] IPUIPlugin:80 - create IPUIPlugin
2025-08-02 14:17:58,952 [INFO] PluginManager:220 - loadIPPluginJar : add dma
2025-08-02 14:17:59,035 [INFO] IPUIPlugin:80 - create IPUIPlugin
2025-08-02 14:17:59,035 [INFO] PluginManager:220 - loadIPPluginJar : add dma3
2025-08-02 14:17:59,118 [INFO] IPUIPlugin:80 - create IPUIPlugin
2025-08-02 14:17:59,118 [INFO] PluginManager:220 - loadIPPluginJar : add extmemmanager
2025-08-02 14:17:59,174 [INFO] IPUIPlugin:80 - create IPUIPlugin
2025-08-02 14:17:59,175 [INFO] PluginManager:220 - loadIPPluginJar : add fatfs
2025-08-02 14:17:59,274 [INFO] IPUIPlugin:80 - create IPUIPlugin
2025-08-02 14:17:59,274 [INFO] PluginManager:220 - loadIPPluginJar : add fmc
2025-08-02 14:17:59,296 [INFO] IPUIPlugin:80 - create IPUIPlugin
2025-08-02 14:17:59,296 [INFO] PluginManager:220 - loadIPPluginJar : add freertos
2025-08-02 14:17:59,334 [INFO] IPUIPlugin:80 - create IPUIPlugin
2025-08-02 14:17:59,334 [INFO] PluginManager:220 - loadIPPluginJar : add genericplugin
2025-08-02 14:17:59,509 [INFO] IPUIPlugin:80 - create IPUIPlugin
2025-08-02 14:17:59,510 [INFO] PluginManager:220 - loadIPPluginJar : add gfxmmu
2025-08-02 14:17:59,756 [ERROR] ConfigurationRetriever:142 - IOException on connection: Connect timed out
2025-08-02 14:17:59,778 [INFO] IPUIPlugin:80 - create IPUIPlugin
2025-08-02 14:17:59,778 [INFO] PluginManager:220 - loadIPPluginJar : add gic
2025-08-02 14:17:59,798 [INFO] IPUIPlugin:80 - create IPUIPlugin
2025-08-02 14:17:59,798 [INFO] PluginManager:220 - loadIPPluginJar : add gpio
2025-08-02 14:17:59,969 [INFO] IPUIPlugin:80 - create IPUIPlugin
2025-08-02 14:17:59,969 [INFO] PluginManager:220 - loadIPPluginJar : add gtzc
2025-08-02 14:18:00,040 [INFO] IPUIPlugin:80 - create IPUIPlugin
2025-08-02 14:18:00,040 [INFO] PluginManager:220 - loadIPPluginJar : add hash
2025-08-02 14:18:00,154 [INFO] IPUIPlugin:80 - create IPUIPlugin
2025-08-02 14:18:00,154 [INFO] PluginManager:220 - loadIPPluginJar : add i2c
2025-08-02 14:18:00,239 [INFO] IPUIPlugin:80 - create IPUIPlugin
2025-08-02 14:18:00,239 [INFO] PluginManager:220 - loadIPPluginJar : add i2s
2025-08-02 14:18:00,320 [INFO] IPUIPlugin:80 - create IPUIPlugin
2025-08-02 14:18:00,320 [INFO] PluginManager:220 - loadIPPluginJar : add i3c
2025-08-02 14:18:00,501 [INFO] IPUIPlugin:80 - create IPUIPlugin
2025-08-02 14:18:00,501 [INFO] PluginManager:220 - loadIPPluginJar : add ipddr
2025-08-02 14:18:00,672 [INFO] IPUIPlugin:80 - create IPUIPlugin
2025-08-02 14:18:00,673 [INFO] PluginManager:220 - loadIPPluginJar : add linkedlist
2025-08-02 14:18:00,739 [INFO] IPUIPlugin:80 - create IPUIPlugin
2025-08-02 14:18:00,739 [INFO] PluginManager:220 - loadIPPluginJar : add lorawan
2025-08-02 14:18:00,790 [INFO] ThirdPartyUpdaterWithRetryManager:70 - Updater plugin not ready yet. [2/15]
2025-08-02 14:18:00,814 [INFO] IPUIPlugin:80 - create IPUIPlugin
2025-08-02 14:18:00,814 [INFO] PluginManager:220 - loadIPPluginJar : add ltdc
2025-08-02 14:18:00,840 [INFO] IPUIPlugin:80 - create IPUIPlugin
2025-08-02 14:18:00,841 [INFO] PluginManager:220 - loadIPPluginJar : add mdma
2025-08-02 14:18:00,861 [INFO] IPUIPlugin:80 - create IPUIPlugin
2025-08-02 14:18:00,861 [INFO] PluginManager:220 - loadIPPluginJar : add nvic
2025-08-02 14:18:00,938 [INFO] IPUIPlugin:80 - create IPUIPlugin
2025-08-02 14:18:00,938 [INFO] PluginManager:220 - loadIPPluginJar : add opamp
2025-08-02 14:18:01,080 [INFO] IPUIPlugin:80 - create IPUIPlugin
2025-08-02 14:18:01,080 [INFO] PluginManager:220 - loadIPPluginJar : add openamp
2025-08-02 14:18:01,181 [INFO] IPUIPlugin:80 - create IPUIPlugin
2025-08-02 14:18:01,181 [INFO] PluginManager:220 - loadIPPluginJar : add pdm2pcm
2025-08-02 14:18:01,213 [INFO] IPUIPlugin:80 - create IPUIPlugin
2025-08-02 14:18:01,217 [INFO] PluginManager:220 - loadIPPluginJar : add plateformsettings
2025-08-02 14:18:01,274 [INFO] IPUIPlugin:80 - create IPUIPlugin
2025-08-02 14:18:01,275 [INFO] PluginManager:220 - loadIPPluginJar : add quadspi
2025-08-02 14:18:01,301 [INFO] IPUIPlugin:80 - create IPUIPlugin
2025-08-02 14:18:01,301 [INFO] PluginManager:220 - loadIPPluginJar : add resmgrutility
2025-08-02 14:18:01,407 [INFO] IPUIPlugin:80 - create IPUIPlugin
2025-08-02 14:18:01,408 [INFO] PluginManager:220 - loadIPPluginJar : add sai
2025-08-02 14:18:01,491 [INFO] IPUIPlugin:80 - create IPUIPlugin
2025-08-02 14:18:01,491 [INFO] PluginManager:220 - loadIPPluginJar : add spi
2025-08-02 14:18:01,645 [INFO] IPUIPlugin:80 - create IPUIPlugin
2025-08-02 14:18:01,646 [INFO] PluginManager:220 - loadIPPluginJar : add stm32_wpan
2025-08-02 14:18:01,759 [INFO] IPUIPlugin:80 - create IPUIPlugin
2025-08-02 14:18:01,759 [INFO] PluginManager:220 - loadIPPluginJar : add tim
2025-08-02 14:18:01,910 [INFO] IPUIPlugin:80 - create IPUIPlugin
2025-08-02 14:18:01,910 [INFO] PluginManager:220 - loadIPPluginJar : add touchsensing
2025-08-02 14:18:01,952 [INFO] IPUIPlugin:80 - create IPUIPlugin
2025-08-02 14:18:01,953 [INFO] PluginManager:220 - loadIPPluginJar : add tracer_emb
2025-08-02 14:18:02,002 [INFO] IPUIPlugin:80 - create IPUIPlugin
2025-08-02 14:18:02,002 [INFO] PluginManager:220 - loadIPPluginJar : add ts
2025-08-02 14:18:02,049 [INFO] IPUIPlugin:80 - create IPUIPlugin
2025-08-02 14:18:02,049 [INFO] PluginManager:220 - loadIPPluginJar : add tsc
2025-08-02 14:18:02,085 [INFO] IPUIPlugin:80 - create IPUIPlugin
2025-08-02 14:18:02,085 [INFO] PluginManager:220 - loadIPPluginJar : add ucpd
2025-08-02 14:18:02,150 [INFO] IPUIPlugin:80 - create IPUIPlugin
2025-08-02 14:18:02,151 [INFO] PluginManager:220 - loadIPPluginJar : add usart
2025-08-02 14:18:02,214 [INFO] IPUIPlugin:80 - create IPUIPlugin
2025-08-02 14:18:02,214 [INFO] PluginManager:220 - loadIPPluginJar : add usbx
2025-08-02 14:18:02,352 [INFO] CADModel:165 - CPN selected for project level
2025-08-02 14:18:02,352 [INFO] CADModel:114 - Register for checkConnection events
2025-08-02 14:18:02,353 [FATAL] Updater:308 - Updater called before beeing initialized
2025-08-02 14:18:02,353 [ERROR] CADModel:125 - Updater not yet initialized, retry later 
2025-08-02 14:18:02,498 [INFO] CADModel:165 - CPN selected for project level
2025-08-02 14:18:02,498 [INFO] CADModel:114 - Register for checkConnection events
2025-08-02 14:18:02,498 [FATAL] Updater:308 - Updater called before beeing initialized
2025-08-02 14:18:02,498 [ERROR] CADModel:125 - Updater not yet initialized, retry later 
2025-08-02 14:18:02,501 [FATAL] Updater:308 - Updater called before beeing initialized
2025-08-02 14:18:02,620 [FATAL] Updater:308 - Updater called before beeing initialized
2025-08-02 14:18:02,632 [INFO] DbMcusAds:53 - JSON generation date=Thu Mar 06 15:54:21 CET 2025 (1741272861825)
2025-08-02 14:18:02,632 [FATAL] Updater:308 - Updater called before beeing initialized
2025-08-02 14:18:02,718 [WARN] DetailPanel:346 - Failed to get advertising image, set to default
2025-08-02 14:18:02,805 [FATAL] Updater:308 - Updater called before beeing initialized
2025-08-02 14:18:02,807 [FATAL] Updater:308 - Updater called before beeing initialized
2025-08-02 14:18:02,807 [FATAL] Updater:308 - Updater called before beeing initialized
2025-08-02 14:18:02,807 [WARN] DetailPanel:346 - Failed to get advertising image, set to default
2025-08-02 14:18:02,808 [FATAL] Updater:308 - Updater called before beeing initialized
2025-08-02 14:18:02,867 [ERROR] Updater:1120 - MainUpdater not yet initialized. External WinMGr cannot be set.
2025-08-02 14:18:02,878 [INFO] Updater:1056 - Updater Version found : 6.11.1
2025-08-02 14:18:02,897 [INFO] ApplicationProperties:184 - Using Application install path: C:\ST\STM32CubeIDE_1.15.1\STM32CubeIDE\plugins\com.st.stm32cube.common.mx_6.11.1.202404110753
2025-08-02 14:18:03,792 [INFO] ThirdPartyUpdaterWithRetryManager:70 - Updater plugin not ready yet. [3/15]
2025-08-02 14:18:04,480 [ERROR] LogOutputStream:75 - [STDERR_REDIRECT] Aug 02, 2025 2:18:04 PM java.util.prefs.WindowsPreferences <init>
2025-08-02 14:18:04,482 [ERROR] LogOutputStream:75 - [STDERR_REDIRECT] WARNING: Could not open/create prefs root node Software\JavaSoft\Prefs at root 0xffffffff80000002. Windows RegCreateKeyEx(...) returned error code 5.
2025-08-02 14:18:04,482 [ERROR] LogOutputStream:75 - [STDERR_REDIRECT] 
2025-08-02 14:18:04,938 [INFO] MainUpdater:2873 - connection check result : 10
2025-08-02 14:18:04,941 [INFO] MainUpdater:290 - Updater Check For Update Now.
2025-08-02 14:18:04,941 [INFO] MicroXplorer:498 - Change Database Version : DB.6.0.111
2025-08-02 14:18:04,972 [INFO] McuFinderGlobals:63 - Set McuFinder mode to 2 (CubeIDE integrated)
2025-08-02 14:18:04,992 [INFO] UserAuth:415 - Internet connection configuration mode: 1
2025-08-02 14:18:05,031 [INFO] JxBrowserEngine:152 - Initiate JxBrowser Engine with user profile folder
2025-08-02 14:18:05,182 [INFO] CheckServerUpdateThread:120 - End of CheckServer Thread
2025-08-02 14:18:07,299 [WARN] PackLoader:240 - Cannot read IP mode file for STMicroelectronics.FP-SNS-MOTENVWB1.1.4.0
2025-08-02 14:18:07,317 [WARN] PackLoader:240 - Cannot read IP mode file for STMicroelectronics.FP-ATR-ASTRA1.2.0.2
2025-08-02 14:18:07,335 [WARN] PackLoader:240 - Cannot read IP mode file for STMicroelectronics.X-CUBE-SMBUS.2.1.0
2025-08-02 14:18:07,353 [WARN] PackLoader:240 - Cannot read IP mode file for STMicroelectronics.X-CUBE-WB05N.1.1.0
2025-08-02 14:18:07,367 [ERROR] Engine:466 - C:\Users\shoot\.stm32cubemx\thirdparties\pdsc\STMicroelectronics.X-CUBE-ST60.1.0.0.pdsc: PDSC version is not supported
2025-08-02 14:18:07,383 [WARN] PackLoader:240 - Cannot read IP mode file for STMicroelectronics.X-CUBE-TOUCHGFX.4.23.2
2025-08-02 14:18:07,433 [WARN] PackLoader:240 - Cannot read IP mode file for STMicroelectronics.X-CUBE-AZRTOS-F7.1.1.0
2025-08-02 14:18:07,522 [WARN] PackLoader:240 - Cannot read IP mode file for STMicroelectronics.X-CUBE-MEMS1.11.0.0
2025-08-02 14:18:07,793 [WARN] PackLoader:240 - Cannot read IP mode file for STMicroelectronics.FP-SNS-FLIGHT1.5.0.2
2025-08-02 14:18:07,859 [WARN] PackLoader:240 - Cannot read IP mode file for STMicroelectronics.X-CUBE-AZRTOS-H7.3.4.0
2025-08-02 14:18:07,893 [WARN] PackLoader:240 - Cannot read IP mode file for STMicroelectronics.X-CUBE-DISPLAY.3.0.0
2025-08-02 14:18:07,917 [WARN] PackLoader:240 - Cannot read IP mode file for STMicroelectronics.X-CUBE-BLE1.7.0.0
2025-08-02 14:18:07,942 [WARN] PackLoader:240 - Cannot read IP mode file for STMicroelectronics.X-CUBE-NFC10.1.0.0
2025-08-02 14:18:07,971 [WARN] PackLoader:240 - Cannot read IP mode file for STMicroelectronics.X-CUBE-BLEMGR.4.0.0
2025-08-02 14:18:08,000 [WARN] PackLoader:240 - Cannot read IP mode file for emotas.I-CUBE-CANOPEN.1.3.0
2025-08-02 14:18:08,025 [WARN] PackLoader:240 - Cannot read IP mode file for STMicroelectronics.X-CUBE-BLEMGR.3.1.0
2025-08-02 14:18:08,034 [INFO] WebApp:161 - Instantiating new browser for Auth
2025-08-02 14:18:08,047 [WARN] PackLoader:240 - Cannot read IP mode file for STMicroelectronics.X-CUBE-AI.10.0.0
2025-08-02 14:18:08,104 [WARN] PackLoader:240 - Cannot read IP mode file for STMicroelectronics.FP-SNS-SMARTAG2.1.2.0
2025-08-02 14:18:08,130 [ERROR] Engine:466 - C:\Users\shoot\.stm32cubemx\thirdparties\pdsc\STMicroelectronics.FP-SNS-FLIGHT1.5.1.0.pdsc: PDSC version is not supported
2025-08-02 14:18:08,223 [WARN] PackLoader:240 - Cannot read IP mode file for STMicroelectronics.X-CUBE-MEMS1.11.1.0
2025-08-02 14:18:08,385 [INFO] LogOutputStream:77 - [STDOUT_REDIRECT] 1 : Invalid condition id : UX_CORESTACK_Condition cause : null
2025-08-02 14:18:08,386 [INFO] LogOutputStream:77 - [STDOUT_REDIRECT] 1 : Invalid condition id : UX_CORESTACK_Condition cause : null
2025-08-02 14:18:08,391 [INFO] LogOutputStream:77 - [STDOUT_REDIRECT] 1 : Invalid condition id : UX_CORESTACK_Condition cause : null
2025-08-02 14:18:08,394 [INFO] LogOutputStream:77 - [STDOUT_REDIRECT] 1 : Invalid condition id : UX_CORESTACK_Condition cause : null
2025-08-02 14:18:08,395 [INFO] LogOutputStream:77 - [STDOUT_REDIRECT] 1 : Invalid condition id : UX_CORESTACK_Condition cause : null
2025-08-02 14:18:08,398 [WARN] PackLoader:240 - Cannot read IP mode file for STMicroelectronics.X-CUBE-AZRTOS-WL.2.0.0
2025-08-02 14:18:08,426 [WARN] PackLoader:240 - Cannot read IP mode file for STMicroelectronics.FP-SNS-MOTENV1.5.0.0
2025-08-02 14:18:08,452 [WARN] PackLoader:240 - Cannot read IP mode file for wolfSSL.I-CUBE-wolfMQTT.1.19.0
2025-08-02 14:18:08,482 [WARN] PackLoader:240 - Cannot read IP mode file for WES.I-CUBE-Cesium.1.3.0
2025-08-02 14:18:08,507 [WARN] PackLoader:240 - Cannot read IP mode file for STMicroelectronics.X-CUBE-BLE2.3.3.0
2025-08-02 14:18:08,529 [WARN] PackLoader:240 - Cannot read IP mode file for STMicroelectronics.X-CUBE-NFC9.1.0.0
2025-08-02 14:18:08,559 [WARN] PackLoader:240 - Cannot read IP mode file for STMicroelectronics.X-CUBE-BLE1.7.1.0
2025-08-02 14:18:08,581 [WARN] PackLoader:240 - Cannot read IP mode file for STMicroelectronics.X-CUBE-TCPP.4.1.0
2025-08-02 14:18:08,601 [WARN] PackLoader:240 - Cannot read IP mode file for STMicroelectronics.X-CUBE-EEPRMA1.5.2.0
2025-08-02 14:18:08,620 [WARN] PackLoader:240 - Cannot read IP mode file for STMicroelectronics.X-CUBE-AI.10.1.0
2025-08-02 14:18:08,639 [WARN] PackLoader:240 - Cannot read IP mode file for STMicroelectronics.X-CUBE-ALGOBUILD.1.3.0
2025-08-02 14:18:08,758 [WARN] PackLoader:240 - Cannot read IP mode file for STMicroelectronics.X-CUBE-MEMS1.11.2.0
2025-08-02 14:18:08,961 [WARN] PackLoader:240 - Cannot read IP mode file for STMicroelectronics.X-CUBE-AZRTOS-G0.1.1.0
2025-08-02 14:18:08,987 [WARN] PackLoader:240 - Cannot read IP mode file for STMicroelectronics.X-CUBE-SAFEA1.1.2.2
2025-08-02 14:18:09,010 [WARN] PackLoader:240 - Cannot read IP mode file for STMicroelectronics.X-CUBE-NFC4.3.0.0
2025-08-02 14:18:09,030 [WARN] PackLoader:240 - Cannot read IP mode file for wolfSSL.I-CUBE-wolfMQTT.1.18.0
2025-08-02 14:18:09,064 [WARN] PackLoader:240 - Cannot read IP mode file for EmbeddedOffice.I-CUBE-FS-RTOS.1.0.1
2025-08-02 14:18:09,064 [ERROR] ConditionMgr:805 - Attr not supported : Dmpu
2025-08-02 14:18:09,065 [ERROR] ConditionMgr:805 - Attr not supported : Dmpu
2025-08-02 14:18:09,065 [ERROR] ConditionMgr:805 - Attr not supported : Dmpu
2025-08-02 14:18:09,065 [ERROR] ConditionMgr:805 - Attr not supported : Dmpu
2025-08-02 14:18:09,065 [ERROR] ConditionMgr:805 - Attr not supported : Dmpu
2025-08-02 14:18:09,065 [ERROR] ConditionMgr:805 - Attr not supported : Dmpu
2025-08-02 14:18:09,065 [ERROR] ConditionMgr:805 - Attr not supported : Dmpu
2025-08-02 14:18:09,065 [ERROR] ConditionMgr:805 - Attr not supported : Dmpu
2025-08-02 14:18:09,065 [ERROR] ConditionMgr:805 - Attr not supported : Dmpu
2025-08-02 14:18:09,065 [ERROR] ConditionMgr:805 - Attr not supported : Dmpu
2025-08-02 14:18:09,065 [ERROR] ConditionMgr:805 - Attr not supported : Dmpu
2025-08-02 14:18:09,065 [ERROR] ConditionMgr:805 - Attr not supported : Dmpu
2025-08-02 14:18:09,066 [ERROR] ConditionMgr:805 - Attr not supported : Dmpu
2025-08-02 14:18:09,066 [ERROR] ConditionMgr:805 - Attr not supported : Dmpu
2025-08-02 14:18:09,066 [ERROR] ConditionMgr:805 - Attr not supported : Dmpu
2025-08-02 14:18:09,066 [ERROR] ConditionMgr:805 - Attr not supported : Dmpu
2025-08-02 14:18:09,066 [ERROR] ConditionMgr:805 - Attr not supported : Dmpu
2025-08-02 14:18:09,066 [ERROR] ConditionMgr:805 - Attr not supported : Dmpu
2025-08-02 14:18:09,066 [ERROR] ConditionMgr:805 - Attr not supported : Dmpu
2025-08-02 14:18:09,066 [ERROR] ConditionMgr:805 - Attr not supported : Dmpu
2025-08-02 14:18:09,066 [ERROR] ConditionMgr:805 - Attr not supported : Dmpu
2025-08-02 14:18:09,066 [ERROR] ConditionMgr:805 - Attr not supported : Dmpu
2025-08-02 14:18:09,066 [ERROR] ConditionMgr:805 - Attr not supported : Dmpu
2025-08-02 14:18:09,066 [ERROR] ConditionMgr:805 - Attr not supported : Dmpu
2025-08-02 14:18:09,066 [ERROR] ConditionMgr:805 - Attr not supported : Dmpu
2025-08-02 14:18:09,066 [ERROR] ConditionMgr:805 - Attr not supported : Dmpu
2025-08-02 14:18:09,068 [ERROR] ConditionMgr:805 - Attr not supported : Dmpu
2025-08-02 14:18:09,068 [ERROR] ConditionMgr:805 - Attr not supported : Dmpu
2025-08-02 14:18:09,068 [ERROR] ConditionMgr:805 - Attr not supported : Dmpu
2025-08-02 14:18:09,068 [ERROR] ConditionMgr:805 - Attr not supported : Dmpu
2025-08-02 14:18:09,068 [ERROR] ConditionMgr:805 - Attr not supported : Dmpu
2025-08-02 14:18:09,068 [ERROR] ConditionMgr:805 - Attr not supported : Dmpu
2025-08-02 14:18:09,068 [ERROR] ConditionMgr:805 - Attr not supported : Dmpu
2025-08-02 14:18:09,068 [ERROR] ConditionMgr:805 - Attr not supported : Dmpu
2025-08-02 14:18:09,068 [ERROR] ConditionMgr:805 - Attr not supported : Dmpu
2025-08-02 14:18:09,068 [ERROR] ConditionMgr:805 - Attr not supported : Dmpu
2025-08-02 14:18:09,069 [ERROR] ConditionMgr:805 - Attr not supported : Dmpu
2025-08-02 14:18:09,069 [ERROR] ConditionMgr:805 - Attr not supported : Dmpu
2025-08-02 14:18:09,069 [ERROR] ConditionMgr:805 - Attr not supported : Dmpu
2025-08-02 14:18:09,069 [ERROR] ConditionMgr:805 - Attr not supported : Dmpu
2025-08-02 14:18:09,069 [ERROR] ConditionMgr:805 - Attr not supported : Dmpu
2025-08-02 14:18:09,069 [ERROR] ConditionMgr:805 - Attr not supported : Dmpu
2025-08-02 14:18:09,069 [ERROR] ConditionMgr:805 - Attr not supported : Dmpu
2025-08-02 14:18:09,069 [ERROR] ConditionMgr:805 - Attr not supported : Dmpu
2025-08-02 14:18:09,069 [ERROR] ConditionMgr:805 - Attr not supported : Dmpu
2025-08-02 14:18:09,069 [ERROR] ConditionMgr:805 - Attr not supported : Dmpu
2025-08-02 14:18:09,069 [ERROR] ConditionMgr:805 - Attr not supported : Dmpu
2025-08-02 14:18:09,070 [ERROR] ConditionMgr:805 - Attr not supported : Dmpu
2025-08-02 14:18:09,070 [ERROR] ConditionMgr:805 - Attr not supported : Dmpu
2025-08-02 14:18:09,070 [ERROR] ConditionMgr:805 - Attr not supported : Dmpu
2025-08-02 14:18:09,070 [ERROR] ConditionMgr:805 - Attr not supported : Dmpu
2025-08-02 14:18:09,070 [ERROR] ConditionMgr:805 - Attr not supported : Dmpu
2025-08-02 14:18:09,070 [ERROR] ConditionMgr:805 - Attr not supported : Dmpu
2025-08-02 14:18:09,070 [ERROR] ConditionMgr:805 - Attr not supported : Dmpu
2025-08-02 14:18:09,070 [ERROR] ConditionMgr:805 - Attr not supported : Dmpu
2025-08-02 14:18:09,070 [ERROR] ConditionMgr:805 - Attr not supported : Dmpu
2025-08-02 14:18:09,070 [ERROR] ConditionMgr:805 - Attr not supported : Dmpu
2025-08-02 14:18:09,070 [ERROR] ConditionMgr:805 - Attr not supported : Dmpu
2025-08-02 14:18:09,071 [ERROR] ConditionMgr:805 - Attr not supported : Dmpu
2025-08-02 14:18:09,071 [ERROR] ConditionMgr:805 - Attr not supported : Dmpu
2025-08-02 14:18:09,071 [ERROR] ConditionMgr:805 - Attr not supported : Dmpu
2025-08-02 14:18:09,071 [ERROR] ConditionMgr:805 - Attr not supported : Dmpu
2025-08-02 14:18:09,071 [ERROR] ConditionMgr:805 - Attr not supported : Dmpu
2025-08-02 14:18:09,071 [ERROR] ConditionMgr:805 - Attr not supported : Dmpu
2025-08-02 14:18:09,098 [WARN] PackLoader:240 - Cannot read IP mode file for STMicroelectronics.X-CUBE-WB05N.2.0.0
2025-08-02 14:18:09,128 [ERROR] Engine:466 - C:\Users\shoot\.stm32cubemx\thirdparties\pdsc\STMicroelectronics.X-CUBE-TCPP.4.2.0.pdsc: PDSC version is not supported
2025-08-02 14:18:09,163 [WARN] PackLoader:240 - Cannot read IP mode file for RealThread.X-CUBE-RT-Thread_Nano.4.1.1
2025-08-02 14:18:09,186 [WARN] PackLoader:240 - Cannot read IP mode file for wolfSSL.I-CUBE-wolfSSL.5.7.0
2025-08-02 14:18:09,207 [WARN] PackLoader:240 - Cannot read IP mode file for STMicroelectronics.FP-ATR-SIGFOX1.3.2.0
2025-08-02 14:18:09,215 [INFO] WebApp:779 - Register for checkConnection events
2025-08-02 14:18:09,215 [INFO] WebApp:414 - Apply proxy settings
2025-08-02 14:18:09,215 [INFO] WebApp:499 - Chromium requires no authentication
2025-08-02 14:18:09,225 [WARN] ConditionMgr:438 - getConditionDescription Invalid condition id : Cortex-A Device cause : null
2025-08-02 14:18:09,231 [INFO] WebApp:442 - Direct internet connection detected
2025-08-02 14:18:09,259 [WARN] ConditionMgr:1039 - genDependencies : Invalid condition id : Cortex-A Device cause : null
2025-08-02 14:18:09,259 [WARN] ConditionMgr:1039 - genDependencies : Invalid condition id : Cortex-A Device cause : null
2025-08-02 14:18:09,259 [WARN] ConditionMgr:1039 - genDependencies : Invalid condition id : Cortex-A Device cause : null
2025-08-02 14:18:09,280 [WARN] PackLoader:240 - Cannot read IP mode file for STMicroelectronics.X-CUBE-EEPRMA1.5.1.0
2025-08-02 14:18:09,306 [WARN] PackLoader:240 - Cannot read IP mode file for ITTIA_DB.I-CUBE-ITTIADB.8.9.0
2025-08-02 14:18:09,325 [ERROR] Engine:466 - C:\Users\shoot\.stm32cubemx\thirdparties\pdsc\STMicroelectronics.X-CUBE-ST67W61.1.0.0.pdsc: PDSC version is not supported
2025-08-02 14:18:09,376 [WARN] PackLoader:240 - Cannot read IP mode file for SEGGER.I-CUBE-embOS.1.3.1
2025-08-02 14:18:09,433 [WARN] PackLoader:240 - Cannot read IP mode file for STMicroelectronics.X-CUBE-ALGOBUILD.1.4.0
2025-08-02 14:18:09,505 [WARN] PackLoader:240 - Cannot read IP mode file for STMicroelectronics.X-CUBE-MEMS1.11.3.0
2025-08-02 14:18:09,611 [INFO] WebApp:192 - Starting web application
2025-08-02 14:18:09,611 [INFO] WebApp:544 - Web application path used C:\ST\STM32CubeIDE_1.15.1\STM32CubeIDE\plugins\com.st.stm32cube.common.mx_6.11.1.202404110753\db\plugins\mcufinder\reactClient1\index.html
2025-08-02 14:18:09,679 [WARN] PackLoader:240 - Cannot read IP mode file for STMicroelectronics.X-CUBE-AI.9.1.0
2025-08-02 14:18:09,700 [WARN] PackLoader:240 - Cannot read IP mode file for STMicroelectronics.X-CUBE-PM33A1.1.0.0
2025-08-02 14:18:09,722 [WARN] PackLoader:240 - Cannot read IP mode file for STMicroelectronics.X-CUBE-GNSS1.6.0.0
2025-08-02 14:18:09,763 [WARN] PackLoader:240 - Cannot read IP mode file for STMicroelectronics.X-CUBE-AZRTOS-F4.1.1.0
2025-08-02 14:18:09,783 [ERROR] Engine:466 - C:\Users\shoot\.stm32cubemx\thirdparties\pdsc\Avnet-IotConnect.X-CUBE-IoTC-DA16k-PMOD.1.0.0.pdsc: PDSC version is not supported
2025-08-02 14:18:09,804 [WARN] PackLoader:240 - Cannot read IP mode file for STMicroelectronics.X-CUBE-ISPU.2.1.0
2025-08-02 14:18:09,825 [WARN] PackLoader:240 - Cannot read IP mode file for STMicroelectronics.X-CUBE-FREERTOS.1.2.0
2025-08-02 14:18:09,847 [WARN] PackLoader:240 - Cannot read IP mode file for STMicroelectronics.X-CUBE-NFC12.1.0.0
2025-08-02 14:18:09,911 [WARN] PackLoader:240 - Cannot read IP mode file for STMicroelectronics.X-CUBE-AZRTOS-L5.2.0.0
2025-08-02 14:18:09,937 [WARN] PackLoader:240 - Cannot read IP mode file for STMicroelectronics.X-CUBE-NFC6.3.1.0
2025-08-02 14:18:09,963 [WARN] PackLoader:240 - Cannot read IP mode file for STMicroelectronics.X-CUBE-DPower.1.2.0
2025-08-02 14:18:09,984 [WARN] PackLoader:240 - Cannot read IP mode file for STMicroelectronics.X-CUBE-AI.9.0.0
2025-08-02 14:18:10,007 [WARN] PackLoader:240 - Cannot read IP mode file for STMicroelectronics.X-CUBE-FREERTOS.1.3.1
2025-08-02 14:18:10,034 [WARN] PackLoader:240 - Cannot read IP mode file for STMicroelectronics.X-CUBE-FREERTOS.1.3.0
2025-08-02 14:18:10,075 [WARN] PackLoader:240 - Cannot read IP mode file for STMicroelectronics.X-CUBE-NFC7.1.0.1
2025-08-02 14:18:10,098 [WARN] PackLoader:240 - Cannot read IP mode file for wolfSSL.I-CUBE-wolfTPM.3.2.0
2025-08-02 14:18:10,124 [ERROR] Engine:466 - C:\Users\shoot\.stm32cubemx\thirdparties\pdsc\STMicroelectronics.FP-SNS-STAIOTCFT.1.0.0.pdsc: PDSC version is not supported
2025-08-02 14:18:10,149 [WARN] PackLoader:240 - Cannot read IP mode file for STMicroelectronics.X-CUBE-DPower.1.3.0
2025-08-02 14:18:10,225 [WARN] ConditionMgr:438 - getConditionDescription Invalid condition id : LAN8742 Phy interface Condition cause : null
2025-08-02 14:18:10,226 [WARN] PackLoader:240 - Cannot read IP mode file for STMicroelectronics.X-CUBE-AZRTOS-L4.2.0.0
2025-08-02 14:18:10,228 [WARN] ConditionMgr:1039 - genDependencies : Invalid condition id : LAN8742 Phy interface Condition cause : null
2025-08-02 14:18:10,228 [WARN] ConditionMgr:1039 - genDependencies : Invalid condition id : LAN8742 Phy interface Condition cause : null
2025-08-02 14:18:10,229 [WARN] ConditionMgr:1039 - genDependencies : Invalid condition id : LAN8742 Phy interface Condition cause : null
2025-08-02 14:18:10,264 [WARN] PackLoader:240 - Cannot read IP mode file for STMicroelectronics.X-CUBE-SFXS2LP1.4.0.0
2025-08-02 14:18:10,325 [WARN] PackLoader:240 - Cannot read IP mode file for STMicroelectronics.X-CUBE-AZRTOS-H7.3.3.0
2025-08-02 14:18:10,365 [ERROR] Engine:466 - C:\Users\shoot\.stm32cubemx\thirdparties\pdsc\STMicroelectronics.X-CUBE-BLEMGR.4.1.0.pdsc: PDSC version is not supported
2025-08-02 14:18:10,403 [WARN] PackLoader:240 - Cannot read IP mode file for STMicroelectronics.X-CUBE-IPS.3.0.0
2025-08-02 14:18:10,443 [WARN] ConditionMgr:438 - getConditionDescription Invalid condition id : UX DEVICE CLASS RTOS Condition cause : null
2025-08-02 14:18:10,443 [WARN] ConditionMgr:438 - getConditionDescription Invalid condition id : UX DEVICE CLASS RTOS Condition cause : null
2025-08-02 14:18:10,445 [WARN] PackLoader:240 - Cannot read IP mode file for STMicroelectronics.X-CUBE-AZRTOS-WB.2.0.0
2025-08-02 14:18:10,446 [WARN] ConditionMgr:1039 - genDependencies : Invalid condition id : UX DEVICE CLASS RTOS Condition cause : null
2025-08-02 14:18:10,446 [WARN] ConditionMgr:1039 - genDependencies : Invalid condition id : UX DEVICE CLASS RTOS Condition cause : null
2025-08-02 14:18:10,447 [WARN] ConditionMgr:1039 - genDependencies : Invalid condition id : UX DEVICE CLASS RTOS Condition cause : null
2025-08-02 14:18:10,447 [WARN] ConditionMgr:1039 - genDependencies : Invalid condition id : UX DEVICE CLASS RTOS Condition cause : null
2025-08-02 14:18:10,447 [WARN] ConditionMgr:1039 - genDependencies : Invalid condition id : UX DEVICE CLASS RTOS Condition cause : null
2025-08-02 14:18:10,467 [WARN] PackLoader:240 - Cannot read IP mode file for STMicroelectronics.X-CUBE-GNSS1.7.0.0
2025-08-02 14:18:10,488 [WARN] PackLoader:240 - Cannot read IP mode file for STMicroelectronics.X-CUBE-GNSS1.7.0.1
2025-08-02 14:18:10,511 [WARN] PackLoader:240 - Cannot read IP mode file for STMicroelectronics.X-CUBE-TOUCHGFX.4.25.0
2025-08-02 14:18:10,536 [WARN] PackLoader:240 - Cannot read IP mode file for STMicroelectronics.FP-SNS-STBOX1.2.0.0
2025-08-02 14:18:10,570 [WARN] PackLoader:240 - Cannot read IP mode file for STMicroelectronics.X-CUBE-SUBG2.5.0.0
2025-08-02 14:18:10,617 [WARN] PackLoader:240 - Cannot read IP mode file for STMicroelectronics.X-CUBE-AZRTOS-H7RS.1.1.0
2025-08-02 14:18:10,642 [WARN] PackLoader:240 - Cannot read IP mode file for Cesanta.I-CUBE-Mongoose.7.13.0
2025-08-02 14:18:10,683 [WARN] PackLoader:240 - Cannot read IP mode file for STMicroelectronics.X-CUBE-AZRTOS-G4.2.0.0
2025-08-02 14:18:10,700 [WARN] PackLoader:240 - Cannot read IP mode file for STMicroelectronics.X-CUBE-NFC7.2.0.0
2025-08-02 14:18:10,717 [WARN] PackLoader:240 - Cannot read IP mode file for STMicroelectronics.X-CUBE-ISPU.2.0.0
2025-08-02 14:18:10,735 [ERROR] Engine:466 - C:\Users\shoot\.stm32cubemx\thirdparties\pdsc\STMicroelectronics.X-CUBE-IPS.3.1.0.pdsc: PDSC version is not supported
2025-08-02 14:18:10,752 [WARN] PackLoader:240 - Cannot read IP mode file for STMicroelectronics.X-CUBE-ALS.1.0.2
2025-08-02 14:18:10,800 [WARN] PackLoader:240 - Cannot read IP mode file for STMicroelectronics.X-CUBE-MEMS1.10.0.0
2025-08-02 14:18:10,902 [WARN] PackLoader:240 - Cannot read IP mode file for STMicroelectronics.X-CUBE-TOUCHGFX.4.24.0
2025-08-02 14:18:10,917 [WARN] PackLoader:240 - Cannot read IP mode file for STMicroelectronics.X-CUBE-TOUCHGFX.4.24.2
2025-08-02 14:18:10,930 [WARN] PackLoader:240 - Cannot read IP mode file for STMicroelectronics.X-CUBE-TOUCHGFX.4.24.1
2025-08-02 14:18:10,948 [WARN] PackLoader:240 - Cannot read IP mode file for portGmbH.I-Cube-SoM-uGOAL.1.1.0
2025-08-02 14:18:10,963 [WARN] PackLoader:240 - Cannot read IP mode file for STMicroelectronics.X-CUBE-ALS.1.0.1
2025-08-02 14:18:11,001 [WARN] PackLoader:240 - Cannot read IP mode file for STMicroelectronics.X-CUBE-AZRTOS-H7RS.1.0.0
2025-08-02 14:18:11,018 [WARN] PackLoader:240 - Cannot read IP mode file for STMicroelectronics.FP-ATR-ASTRA1.2.0.0
2025-08-02 14:18:11,039 [WARN] PackLoader:240 - Cannot read IP mode file for STMicroelectronics.X-CUBE-TOF1.3.4.2
2025-08-02 14:18:11,065 [ERROR] Engine:466 - C:\Users\shoot\.stm32cubemx\thirdparties\pdsc\STMicroelectronics.X-CUBE-TOF1.3.4.3.pdsc: PDSC version is not supported
2025-08-02 14:18:11,086 [WARN] PackLoader:240 - Cannot read IP mode file for STMicroelectronics.X-CUBE-TOF1.3.4.1
2025-08-02 14:18:11,128 [WARN] PackLoader:240 - Cannot read IP mode file for STMicroelectronics.X-CUBE-AZRTOS-H7.3.2.0
2025-08-02 14:18:11,156 [WARN] PackLoader:240 - Cannot read IP mode file for Infineon.AIROC-Wi-Fi-Bluetooth-STM32.1.6.0
2025-08-02 14:18:11,176 [WARN] PackLoader:240 - Cannot read IP mode file for wolfSSL.I-CUBE-wolfSSH.1.4.17
2025-08-02 14:18:11,176 [INFO] ThirdParty:978 - Integrity check success = true
2025-08-02 14:18:11,177 [INFO] IntegrityCheckThread:100 - exiting critical section [integrity check]
2025-08-02 14:18:11,177 [INFO] IntegrityCheckThread:103 - End integrity checks thread
2025-08-02 14:34:12,070 [INFO] McuFinderGlobals:63 - Set McuFinder mode to 2 (CubeIDE integrated)
2025-08-02 14:34:14,538 [INFO] MainUpdater:2873 - connection check result : 10
2025-08-02 14:34:14,551 [INFO] MainUpdater:2873 - connection check result : 10
2025-08-02 14:34:14,862 [INFO] MicroXplorer:468 - Change Database Path : 
2025-08-02 14:34:14,863 [INFO] MicroXplorer:498 - Change Database Version : DB.6.0.111
2025-08-02 14:34:14,869 [WARN] ThirdParty:871 - waiting for thirdparty lock release [close project]
2025-08-02 14:34:14,869 [INFO] ThirdParty:873 - entering critical section [close project]
2025-08-02 14:34:14,871 [INFO] ThirdParty:883 - exiting critical section [close project]
2025-08-02 14:34:14,873 [INFO] PinOutPanel:1561 - setPackage(No Configuration,No Configuration)
2025-08-02 14:34:14,878 [INFO] UtilMem:75 - Begin LoadConfig() Used Memory: 833254344 Bytes (1073741824)
2025-08-02 14:34:14,891 [INFO] MicroXplorer:468 - Change Database Path : C:/Users/shoot/.stm32cubemx/databases/DB.6.0.100/db/
2025-08-02 14:34:14,891 [INFO] MicroXplorer:498 - Change Database Version : DB.6.0.100
2025-08-02 14:34:17,113 [INFO] OpenFileManager:312 - Change cursor
2025-08-02 14:34:17,183 [INFO] Mcu:2021 - Initializing MCU STM32F205R(B-C-E-F-G)Tx STM32F205RBTx STM32F205RBT6
2025-08-02 14:34:19,969 [INFO] Context:663 - Trying to add GPIOservice into a context  which must be forbidden
2025-08-02 14:34:20,861 [INFO] RtosManager:555 - Registered RTOS mode: class=CMSIS, group=RTOS, mode=CMSIS_V1, owner=FREERTOS
2025-08-02 14:34:20,861 [INFO] RtosManager:555 - Registered RTOS mode: class=CMSIS, group=RTOS2, mode=CMSIS_V2, owner=FREERTOS
2025-08-02 14:34:20,862 [INFO] RtosManager:555 - Registered RTOS mode: class=RTOS, group=Core, mode=CMSIS_V1, owner=FREERTOS
2025-08-02 14:34:20,862 [INFO] RtosManager:555 - Registered RTOS mode: class=RTOS, group=Core, mode=CMSIS_V2, owner=FREERTOS
2025-08-02 14:34:20,862 [WARN] ModelIntegratedComponent:184 - Missing modes for component STMicroelectronics:FreeRTOS:0.0.1:STMicroelectronics:RTOS:FreeRTOS:Core:::10.2.0:
2025-08-02 14:34:20,872 [WARN] ModelIntegratedComponent:63 - No mode defined for component null
2025-08-02 14:34:20,872 [WARN] ModelIntegratedComponent:63 - No mode defined for component null
2025-08-02 14:34:20,872 [WARN] ModelIntegratedComponent:63 - No mode defined for component null
2025-08-02 14:34:20,872 [WARN] ModelIntegratedComponent:63 - No mode defined for component null
2025-08-02 14:34:20,872 [WARN] ModelIntegratedComponent:63 - No mode defined for component null
2025-08-02 14:34:20,872 [WARN] ModelIntegratedComponent:63 - No mode defined for component null
2025-08-02 14:34:20,872 [WARN] ModelIntegratedComponent:63 - No mode defined for component null
2025-08-02 14:34:20,872 [WARN] ModelIntegratedComponent:63 - No mode defined for component null
2025-08-02 14:34:20,873 [WARN] ModelIntegratedComponent:63 - No mode defined for component null
2025-08-02 14:34:20,873 [WARN] ModelIntegratedComponent:63 - No mode defined for component null
2025-08-02 14:34:20,873 [WARN] ModelIntegratedComponent:63 - No mode defined for component null
2025-08-02 14:34:20,873 [WARN] ModelIntegratedComponent:63 - No mode defined for component null
2025-08-02 14:34:20,873 [WARN] ModelIntegratedComponent:63 - No mode defined for component null
2025-08-02 14:34:20,873 [WARN] ModelIntegratedComponent:63 - No mode defined for component null
2025-08-02 14:34:20,873 [WARN] ModelIntegratedComponent:63 - No mode defined for component null
2025-08-02 14:34:20,873 [WARN] ModelIntegratedComponent:63 - No mode defined for component null
2025-08-02 14:34:20,873 [WARN] ModelIntegratedComponent:63 - No mode defined for component null
2025-08-02 14:34:20,874 [WARN] ModelIntegratedComponent:63 - No mode defined for component null
2025-08-02 14:34:20,874 [WARN] ModelIntegratedComponent:63 - No mode defined for component null
2025-08-02 14:34:20,874 [WARN] ModelIntegratedComponent:63 - No mode defined for component null
2025-08-02 14:34:20,874 [WARN] ModelIntegratedComponent:63 - No mode defined for component null
2025-08-02 14:34:20,874 [WARN] ModelIntegratedComponent:63 - No mode defined for component null
2025-08-02 14:34:20,874 [WARN] ModelIntegratedComponent:63 - No mode defined for component null
2025-08-02 14:34:20,874 [WARN] ModelIntegratedComponent:63 - No mode defined for component null
2025-08-02 14:34:20,874 [WARN] ModelIntegratedComponent:63 - No mode defined for component null
2025-08-02 14:34:20,874 [WARN] ModelIntegratedComponent:63 - No mode defined for component null
2025-08-02 14:34:20,874 [WARN] ModelIntegratedComponent:63 - No mode defined for component null
2025-08-02 14:34:20,874 [WARN] ModelIntegratedComponent:63 - No mode defined for component null
2025-08-02 14:34:20,874 [WARN] ModelIntegratedComponent:63 - No mode defined for component null
2025-08-02 14:34:20,875 [WARN] ModelIntegratedComponent:63 - No mode defined for component null
2025-08-02 14:34:20,875 [WARN] ModelIntegratedComponent:63 - No mode defined for component null
2025-08-02 14:34:20,875 [WARN] ModelIntegratedComponent:63 - No mode defined for component null
2025-08-02 14:34:20,875 [WARN] ModelIntegratedComponent:63 - No mode defined for component null
2025-08-02 14:34:20,875 [WARN] ModelIntegratedComponent:63 - No mode defined for component null
2025-08-02 14:34:21,334 [INFO] ThirdPartyModel:298 - Start build external matchings
2025-08-02 14:34:23,793 [INFO] ThirdPartyModel:316 - End build external matchings
2025-08-02 14:34:23,845 [INFO] ImportTextPane:194 - (OptionalMessage_ERROR) IP (RCC) : Invalid parameter (FamilyName)
2025-08-02 14:34:23,846 [INFO] ImportTextPane:194 - (OptionalMessage_ERROR) IP (RCC) : Parameter (RTCHSEDivFreq_Value) has invalid value (12500000)
2025-08-02 14:34:23,853 [WARN] IP:2120 - DEVICE_SERIAL0_CDC_FS not found: check if there is a RefParameter without a condition.
2025-08-02 14:34:23,853 [WARN] IP:2120 - DEVICE_SERIAL1_CDC_FS not found: check if there is a RefParameter without a condition.
2025-08-02 14:34:23,853 [WARN] IP:2120 - DEVICE_SERIAL2_CDC_FS not found: check if there is a RefParameter without a condition.
2025-08-02 14:34:23,854 [WARN] IP:2120 - lpm_enable not found: check if there is a RefParameter without a condition.
2025-08-02 14:34:24,366 [INFO] ApiDb:581 - Connected to CubeFinder SQLite database (C:\Users\shoot\.stmcufinder\plugins\mcufinder\mcu\cube-finder-db.db)
2025-08-02 14:34:24,523 [INFO] ApiDb:668 - CubeFinder database Data Model version=2.1
2025-08-02 14:34:24,523 [INFO] ApiDb:669 - CubeFinder database Configuration version=3.0.39
2025-08-02 14:34:24,525 [INFO] ApiDb:670 - CubeFinder database generation date=2025-03-24 (1742811287)
2025-08-02 14:34:24,525 [INFO] ApiDb:671 - CubeFinder database FW Pack versions=[FP-ATR-ASTRA1_V2.0.0, FP-SNS-FLIGHT1_V5.0.2, FP-SNS-MOTENV1_V5.0.0, FP-SNS-MOTENVWB1_V1.4.0, FP-SNS-SMARTAG2_V1.2.0, FP-SNS-STBOX1_V2.0.0, STM32Cube_FW_C0_V1.4.0, STM32Cube_FW_F4_V1.28.1, STM32Cube_FW_F7_V1.17.2, STM32Cube_FW_G0_V1.6.2, STM32Cube_FW_G4_V1.6.1, STM32Cube_FW_H5_V1.5.0, STM32Cube_FW_H7RS_V1.2.0, STM32Cube_FW_H7_V1.12.1, STM32Cube_FW_L0_V1.12.2, STM32Cube_FW_L4_V1.18.1, STM32Cube_FW_L5_V1.5.1, STM32Cube_FW_N6_V1.1.0, STM32Cube_FW_U0_V1.2.0, STM32Cube_FW_U3_V1.1.0, STM32Cube_FW_U5_V1.7.0, STM32Cube_FW_WB0_V1.2.0, STM32Cube_FW_WBA_V1.6.0, STM32Cube_FW_WB_V1.22.0, STM32Cube_FW_WL3_V1.1.0, STM32Cube_FW_WL_V1.3.1, X-CUBE-ALGOBUILD_V1.4.0, X-CUBE-ALS_V1.0.2, X-CUBE-AZRTOS-F4_V1.1.0, X-CUBE-AZRTOS-F7_V1.1.0, X-CUBE-AZRTOS-G0_V1.1.0, X-CUBE-AZRTOS-G4_V2.0.0, X-CUBE-AZRTOS-H7RS_V1.0.0, X-CUBE-AZRTOS-H7_V3.3.0, X-CUBE-AZRTOS-L4_V2.0.0, X-CUBE-AZRTOS-L5_V2.0.0, X-CUBE-AZRTOS-WB_V2.0.0, X-CUBE-AZRTOS-WL_V2.0.0, X-CUBE-BLE1_V7.1.0, X-CUBE-BLE2_V3.3.0, X-CUBE-BLEMGR_V4.0.0, X-CUBE-EEPRMA1_V5.1.0, X-CUBE-FREERTOS_V1.3.0, X-CUBE-GNSS1_V6.0.0, X-CUBE-MEMS1_V11.1.0, X-CUBE-NFC4_V3.0.0, X-CUBE-NFC7_V1.0.1, X-CUBE-SFXS2LP1_V4.0.0, X-CUBE-SUBG2_V5.0.0, X-CUBE-TOF1_V3.4.2]
2025-08-02 14:34:24,729 [INFO] DbBoardsSqlite:226 - include board P-NUCLEO-WB55-NUCLEO as a kit item of type 'Nucleo-64'
2025-08-02 14:34:24,729 [INFO] DbBoardsSqlite:226 - include board P-NUCLEO-WB55-USBDONGLE as a kit item of type 'Nucleo USB Dongle'
2025-08-02 14:34:24,731 [INFO] DbBoardsSqlite:226 - include board STEVAL-IDP005V1 as a kit item of type 'Evaluation Board'
2025-08-02 14:34:24,731 [INFO] DbBoardsSqlite:226 - include board STEVAL-IDP005V2 as a kit item of type 'Evaluation Board'
2025-08-02 14:34:25,798 [INFO] ApiDb:240 - Found 483 in-development CPN: [B-G473E-ZEST1S, B-WB1M-WPAN1, B-WL5M-SUBG1, NUCLEO-C031C6, NUCLEO-H503RB, NUCLEO-H533RE, NUCLEO-H563ZI, NUCLEO-H7S3L8, NUCLEO-U031R8, NUCLEO-U083RC, NUCLEO-U545RE-Q, NUCLEO-U5A5ZJ-Q, NUCLEO-WBA52CG, NUCLEO-WBA55CG, STEVAL-PROTEUS1, STEVAL-SMARTAG2, STEVAL-STWINBX1, STM320518-EVAL, STM32C0116-DK, STM32C011D6Y3TR, STM32C011D6Y6TR, STM32C011F4P3, STM32C011F4P6, STM32C011F4U3, STM32C011F4U6TR, STM32C011F6P3, STM32C011F6P6, STM32C011F6U3, STM32C011F6U6TR, STM32C011J4M3, STM32C011J4M6, STM32C011J6M3, STM32C011J6M6, STM32C0316-DK, STM32C031C4T3, STM32C031C4T6, STM32C031C4U3, STM32C031C4U6, STM32C031C6T3, STM32C031C6T6, STM32C031C6U3, STM32C031C6U6, STM32C031F4P3, STM32C031F4P6, STM32C031F6P3, STM32C031F6P6, STM32C031G4U3, STM32C031G4U6, STM32C031G6U3, STM32C031G6U6, STM32C031K4T3, STM32C031K4T6, STM32C031K4U3, STM32C031K4U6, STM32C031K6T3, STM32C031K6T6, STM32C031K6U3, STM32C031K6U6, STM32G071K8TXN, STM32G071K8UXN, STM32G081GBU6N, STM32G081KBT6N, STM32G081KBUXN, STM32G0B1CCT6N, STM32G0B1KCT6, STM32G0B1NEY6TR, STM32G0B1RCT6N, STM32G0C1CCT6, STM32G0C1CCT6N, STM32G0C1CCU6N, STM32G0C1CET6N, STM32G0C1CEU6N, STM32G0C1KCT6, STM32G0C1NEY6TR, STM32G0C1RCI6N, STM32G0C1RCT6N, STM32G0C1REI6N, STM32G0C1RET6N, STM32G0C1VCI6, STM32G0C1VEI6, STM32G471CCT6, STM32G471CCU6, STM32G471CET3, STM32G471CET6, STM32G471CEU3, STM32G471CEU6, STM32G471MCT6, STM32G471MET3, STM32G471MET6, STM32G471MEY6TR, STM32G471QCT6, STM32G471QET3, STM32G471RCT6, STM32G471RET3, STM32G471RET6, STM32G471VCH6, STM32G471VCI6, STM32G471VCT6, STM32G471VEH3, STM32G471VEH6, STM32G471VEI3, STM32G471VEI6, STM32G471VET3, STM32G471VET6, STM32G474CCT6, STM32H503CBT6, STM32H503CBU6, STM32H503EBY6TR, STM32H503KBU6, STM32H503RBT6, STM32H523CCT6, STM32H523CCU6, STM32H523CET6, STM32H523CEU6, STM32H523HEY6TR, STM32H523RCT6, STM32H523RET6, STM32H523VCI6, STM32H523VCT6, STM32H523VEI6, STM32H523VET6, STM32H523ZCJ6, STM32H523ZCT6, STM32H523ZEJ6, STM32H523ZET6, STM32H533CET6, STM32H533CEU6, STM32H533HEY6TR, STM32H533RET6, STM32H533VEI6, STM32H533VET6, STM32H533ZEJ6, STM32H533ZET6, STM32H562AGI6, STM32H562AII6, STM32H562IGK6, STM32H562IGT6, STM32H562IIK6, STM32H562IIT6, STM32H562RGT6, STM32H562RGV6, STM32H562RIT6, STM32H562RIV6, STM32H562VGT6, STM32H562VIT6, STM32H562ZGT6, STM32H562ZIT6, STM32H563AGI6, STM32H563AII3Q, STM32H563AII6, STM32H563IGK6, STM32H563IGT6, STM32H563IIK3Q, STM32H563IIK6, STM32H563IIT3Q, STM32H563IIT6, STM32H563MIY3QTR, STM32H563RGT6, STM32H563RGV6, STM32H563RIT6, STM32H563RIV6, STM32H563VGT6, STM32H563VIT3Q, STM32H563VIT6, STM32H563ZGT6, STM32H563ZIT3Q, STM32H563ZIT6, STM32H573AII3Q, STM32H573AII6, STM32H573I-DK, STM32H573IIK3Q, STM32H573IIK6, STM32H573IIT3Q, STM32H573IIT6, STM32H573MIY3QTR, STM32H573RIT6, STM32H573RIV6, STM32H573VIT3Q, STM32H573VIT6, STM32H573ZIT3Q, STM32H573ZIT6, STM32H7R3A8I6, STM32H7R3I8K6, STM32H7R3I8T6, STM32H7R3L8H6, STM32H7R3L8H6H, STM32H7R3R8V6, STM32H7R3V8H6, STM32H7R3V8T6, STM32H7R3V8Y6, STM32H7R3Z8J6, STM32H7R3Z8T6, STM32H7R7A8I6, STM32H7R7I8K6, STM32H7R7I8T6, STM32H7R7L8H6, STM32H7R7L8H6H, STM32H7R7Z8J6, STM32H7S3A8I6, STM32H7S3I8K6, STM32H7S3I8T6, STM32H7S3L8H6, STM32H7S3L8H6H, STM32H7S3R8V6, STM32H7S3V8H6, STM32H7S3V8T6, STM32H7S3V8Y6, STM32H7S3Z8J6, STM32H7S3Z8T6, STM32H7S78-DK, STM32H7S7A8I6, STM32H7S7I8K6, STM32H7S7I8T6, STM32H7S7L8H6, STM32H7S7L8H6H, STM32H7S7Z8J6, STM32L4R5QGI6STR, STM32MP131AAE3, STM32MP131AAF3, STM32MP131AAG3, STM32MP131CAE3, STM32MP131CAF3, STM32MP131CAG3, STM32MP131DAE7, STM32MP131DAF7, STM32MP131DAG7, STM32MP131FAE7, STM32MP131FAF7, STM32MP131FAG7, STM32MP133AAE3, STM32MP133AAF3, STM32MP133AAG3, STM32MP133CAE3, STM32MP133CAF3, STM32MP133CAG3, STM32MP133DAE7, STM32MP133DAF7, STM32MP133DAG7, STM32MP133FAE7, STM32MP133FAF7, STM32MP133FAG7, STM32MP135AAE3, STM32MP135AAF3, STM32MP135AAG3, STM32MP135CAE3, STM32MP135CAF3, STM32MP135CAG3, STM32MP135DAE7, STM32MP135DAF7, STM32MP135DAG7, STM32MP135F-DK, STM32MP135FAE7, STM32MP135FAF7, STM32MP135FAF7T, STM32MP135FAF7U, STM32MP135FAG7, STM32U031C6T6, STM32U031C6U6, STM32U031C8T6, STM32U031C8U6, STM32U031F4P6, STM32U031F6P6, STM32U031F8P6, STM32U031G6Y6TR, STM32U031G8Y6TR, STM32U031K4U6, STM32U031K6U6, STM32U031K8U6, STM32U031R6I6, STM32U031R6T6, STM32U031R8I6, STM32U031R8T6, STM32U073C8T6, STM32U073C8U6, STM32U073CBT6, STM32U073CBU6, STM32U073CCT6, STM32U073CCU6, STM32U073H8Y6TR, STM32U073HBY6TR, STM32U073HCY6TR, STM32U073K8U6, STM32U073KBU6, STM32U073KCU6, STM32U073M8I6, STM32U073M8T6, STM32U073MBI6, STM32U073MBT6, STM32U073MCI6, STM32U073MCT6, STM32U073R8I6, STM32U073R8T6, STM32U073RBI6, STM32U073RBT6, STM32U073RCI6, STM32U073RCT6, STM32U083C-DK, STM32U083CCT6, STM32U083CCU6, STM32U083HCY6TR, STM32U083KCU6, STM32U083MCI6, STM32U083MCT6, STM32U083RCI6, STM32U083RCT6, STM32U535CBT6, STM32U535CBT6Q, STM32U535CBU6, STM32U535CBU6Q, STM32U535CCT6, STM32U535CCT6Q, STM32U535CCU6, STM32U535CCU6Q, STM32U535CET6, STM32U535CET6Q, STM32U535CEU6, STM32U535CEU6Q, STM32U535JEY6QTR, STM32U535NCY6QTR, STM32U535NEY6QTR, STM32U535RBI6, STM32U535RBI6Q, STM32U535RBT6, STM32U535RBT6Q, STM32U535RCI6, STM32U535RCI6Q, STM32U535RCT6, STM32U535RCT6Q, STM32U535REI6, STM32U535REI6Q, STM32U535RET6, STM32U535RET6Q, STM32U535VCI6, STM32U535VCI6Q, STM32U535VCT6, STM32U535VCT6Q, STM32U535VEI6, STM32U535VEI6Q, STM32U535VET6, STM32U535VET6Q, STM32U545CET6, STM32U545CET6Q, STM32U545CEU6, STM32U545CEU6Q, STM32U545JEY6QTR, STM32U545NEY6QTR, STM32U545REI6, STM32U545REI6Q, STM32U545RET6, STM32U545RET6Q, STM32U545VEI6, STM32U545VEI6Q, STM32U545VET6, STM32U545VET6Q, STM32U595AIH6, STM32U595AIH6Q, STM32U595AJH6, STM32U595AJH6Q, STM32U595QII6, STM32U595QII6Q, STM32U595QJI6, STM32U595QJI6Q, STM32U595RIT6, STM32U595RIT6Q, STM32U595RJT6, STM32U595RJT6Q, STM32U595VIT6, STM32U595VIT6Q, STM32U595VJT6, STM32U595VJT6Q, STM32U595ZIT6, STM32U595ZIT6Q, STM32U595ZIY6QTR, STM32U595ZJT6, STM32U595ZJT6Q, STM32U595ZJY6QTR, STM32U599BJY6QTR, STM32U599NIH6Q, STM32U599NJH6Q, STM32U599VIT6Q, STM32U599VJT6, STM32U599VJT6Q, STM32U599ZIT6Q, STM32U599ZIY6QTR, STM32U599ZJT6Q, STM32U599ZJY6QTR, STM32U5A5AJH6, STM32U5A5AJH6Q, STM32U5A5QII3Q , STM32U5A5QJI6, STM32U5A5QJI6Q, STM32U5A5RJT6, STM32U5A5RJT6Q, STM32U5A5VJT6, STM32U5A5VJT6Q, STM32U5A5ZJT6, STM32U5A5ZJT6Q, STM32U5A5ZJY6QTR, STM32U5A9BJY6QTR, STM32U5A9J-DK, STM32U5A9NJH6Q, STM32U5A9VJT6Q, STM32U5A9ZJT6Q, STM32U5A9ZJY6QTR, STM32U5F7VIT6, STM32U5F7VIT6Q, STM32U5F7VJT6, STM32U5F7VJT6Q, STM32U5F9BJY6QTR, STM32U5F9NJH6Q, STM32U5F9VIT6Q, STM32U5F9VJT6Q, STM32U5F9ZIJ6QTR, STM32U5F9ZIT6Q, STM32U5F9ZJJ6QTR, STM32U5F9ZJT6Q, STM32U5G7VJT6, STM32U5G7VJT6Q, STM32U5G9BJY6QTR, STM32U5G9J-DK1, STM32U5G9J-DK2, STM32U5G9NJH6Q, STM32U5G9VJT6Q, STM32U5G9ZJJ6QTR, STM32U5G9ZJT6Q, STM32WB1MMCH6, STM32WBA50KEU6, STM32WBA50KEU6TR, STM32WBA50KGU6, STM32WBA50KGU6TR, STM32WBA52CEU6, STM32WBA52CEU6TR, STM32WBA52CEU7, STM32WBA52CEU7TR, STM32WBA52CGU6, STM32WBA52CGU6TR, STM32WBA52CGU6U, STM32WBA52CGU7, STM32WBA52CGU7TR, STM32WBA52KEU6, STM32WBA52KEU6TR, STM32WBA52KGU6, STM32WBA52KGU6TR, STM32WBA54CEU6, STM32WBA54CEU6TR, STM32WBA54CEU7, STM32WBA54CEU7TR, STM32WBA54CGU6, STM32WBA54CGU6TR, STM32WBA54CGU7, STM32WBA54CGU7TR, STM32WBA54KEU6, STM32WBA54KEU6TR, STM32WBA54KEU7, STM32WBA54KEU7TR, STM32WBA54KGU6, STM32WBA54KGU6TR, STM32WBA54KGU7, STM32WBA54KGU7TR, STM32WBA55CEU6, STM32WBA55CEU6TR, STM32WBA55CEU7, STM32WBA55CEU7TR, STM32WBA55CGU6, STM32WBA55CGU6TR, STM32WBA55CGU6U, STM32WBA55CGU7, STM32WBA55CGU7TR, STM32WBA55G-DK1, STM32WBA55HEF6, STM32WBA55HEF7, STM32WBA55HGF6, STM32WBA55HGF7, STM32WBA55UEI6, STM32WBA55UEI6TR, STM32WBA55UEI7, STM32WBA55UEI7TR, STM32WBA55UGI6, STM32WBA55UGI6TR, STM32WBA55UGI7, STM32WBA55UGI7TR, STM32WL5MOCH6, STM32WL5MOCH6TR]
2025-08-02 14:34:25,805 [INFO] ApiDb:668 - CubeFinder database Data Model version=2.1
2025-08-02 14:34:25,805 [INFO] ApiDb:669 - CubeFinder database Configuration version=3.0.39
2025-08-02 14:34:25,806 [INFO] ApiDb:670 - CubeFinder database generation date=2025-03-24 (1742811287)
2025-08-02 14:34:25,806 [INFO] ApiDb:671 - CubeFinder database FW Pack versions=[FP-ATR-ASTRA1_V2.0.0, FP-SNS-FLIGHT1_V5.0.2, FP-SNS-MOTENV1_V5.0.0, FP-SNS-MOTENVWB1_V1.4.0, FP-SNS-SMARTAG2_V1.2.0, FP-SNS-STBOX1_V2.0.0, STM32Cube_FW_C0_V1.4.0, STM32Cube_FW_F4_V1.28.1, STM32Cube_FW_F7_V1.17.2, STM32Cube_FW_G0_V1.6.2, STM32Cube_FW_G4_V1.6.1, STM32Cube_FW_H5_V1.5.0, STM32Cube_FW_H7RS_V1.2.0, STM32Cube_FW_H7_V1.12.1, STM32Cube_FW_L0_V1.12.2, STM32Cube_FW_L4_V1.18.1, STM32Cube_FW_L5_V1.5.1, STM32Cube_FW_N6_V1.1.0, STM32Cube_FW_U0_V1.2.0, STM32Cube_FW_U3_V1.1.0, STM32Cube_FW_U5_V1.7.0, STM32Cube_FW_WB0_V1.2.0, STM32Cube_FW_WBA_V1.6.0, STM32Cube_FW_WB_V1.22.0, STM32Cube_FW_WL3_V1.1.0, STM32Cube_FW_WL_V1.3.1, X-CUBE-ALGOBUILD_V1.4.0, X-CUBE-ALS_V1.0.2, X-CUBE-AZRTOS-F4_V1.1.0, X-CUBE-AZRTOS-F7_V1.1.0, X-CUBE-AZRTOS-G0_V1.1.0, X-CUBE-AZRTOS-G4_V2.0.0, X-CUBE-AZRTOS-H7RS_V1.0.0, X-CUBE-AZRTOS-H7_V3.3.0, X-CUBE-AZRTOS-L4_V2.0.0, X-CUBE-AZRTOS-L5_V2.0.0, X-CUBE-AZRTOS-WB_V2.0.0, X-CUBE-AZRTOS-WL_V2.0.0, X-CUBE-BLE1_V7.1.0, X-CUBE-BLE2_V3.3.0, X-CUBE-BLEMGR_V4.0.0, X-CUBE-EEPRMA1_V5.1.0, X-CUBE-FREERTOS_V1.3.0, X-CUBE-GNSS1_V6.0.0, X-CUBE-MEMS1_V11.1.0, X-CUBE-NFC4_V3.0.0, X-CUBE-NFC7_V1.0.1, X-CUBE-SFXS2LP1_V4.0.0, X-CUBE-SUBG2_V5.0.0, X-CUBE-TOF1_V3.4.2]
2025-08-02 14:34:28,869 [INFO] ApiDb:240 - Found 483 in-development CPN: [B-G473E-ZEST1S, B-WB1M-WPAN1, B-WL5M-SUBG1, NUCLEO-C031C6, NUCLEO-H503RB, NUCLEO-H533RE, NUCLEO-H563ZI, NUCLEO-H7S3L8, NUCLEO-U031R8, NUCLEO-U083RC, NUCLEO-U545RE-Q, NUCLEO-U5A5ZJ-Q, NUCLEO-WBA52CG, NUCLEO-WBA55CG, STEVAL-PROTEUS1, STEVAL-SMARTAG2, STEVAL-STWINBX1, STM320518-EVAL, STM32C0116-DK, STM32C011D6Y3TR, STM32C011D6Y6TR, STM32C011F4P3, STM32C011F4P6, STM32C011F4U3, STM32C011F4U6TR, STM32C011F6P3, STM32C011F6P6, STM32C011F6U3, STM32C011F6U6TR, STM32C011J4M3, STM32C011J4M6, STM32C011J6M3, STM32C011J6M6, STM32C0316-DK, STM32C031C4T3, STM32C031C4T6, STM32C031C4U3, STM32C031C4U6, STM32C031C6T3, STM32C031C6T6, STM32C031C6U3, STM32C031C6U6, STM32C031F4P3, STM32C031F4P6, STM32C031F6P3, STM32C031F6P6, STM32C031G4U3, STM32C031G4U6, STM32C031G6U3, STM32C031G6U6, STM32C031K4T3, STM32C031K4T6, STM32C031K4U3, STM32C031K4U6, STM32C031K6T3, STM32C031K6T6, STM32C031K6U3, STM32C031K6U6, STM32G071K8TXN, STM32G071K8UXN, STM32G081GBU6N, STM32G081KBT6N, STM32G081KBUXN, STM32G0B1CCT6N, STM32G0B1KCT6, STM32G0B1NEY6TR, STM32G0B1RCT6N, STM32G0C1CCT6, STM32G0C1CCT6N, STM32G0C1CCU6N, STM32G0C1CET6N, STM32G0C1CEU6N, STM32G0C1KCT6, STM32G0C1NEY6TR, STM32G0C1RCI6N, STM32G0C1RCT6N, STM32G0C1REI6N, STM32G0C1RET6N, STM32G0C1VCI6, STM32G0C1VEI6, STM32G471CCT6, STM32G471CCU6, STM32G471CET3, STM32G471CET6, STM32G471CEU3, STM32G471CEU6, STM32G471MCT6, STM32G471MET3, STM32G471MET6, STM32G471MEY6TR, STM32G471QCT6, STM32G471QET3, STM32G471RCT6, STM32G471RET3, STM32G471RET6, STM32G471VCH6, STM32G471VCI6, STM32G471VCT6, STM32G471VEH3, STM32G471VEH6, STM32G471VEI3, STM32G471VEI6, STM32G471VET3, STM32G471VET6, STM32G474CCT6, STM32H503CBT6, STM32H503CBU6, STM32H503EBY6TR, STM32H503KBU6, STM32H503RBT6, STM32H523CCT6, STM32H523CCU6, STM32H523CET6, STM32H523CEU6, STM32H523HEY6TR, STM32H523RCT6, STM32H523RET6, STM32H523VCI6, STM32H523VCT6, STM32H523VEI6, STM32H523VET6, STM32H523ZCJ6, STM32H523ZCT6, STM32H523ZEJ6, STM32H523ZET6, STM32H533CET6, STM32H533CEU6, STM32H533HEY6TR, STM32H533RET6, STM32H533VEI6, STM32H533VET6, STM32H533ZEJ6, STM32H533ZET6, STM32H562AGI6, STM32H562AII6, STM32H562IGK6, STM32H562IGT6, STM32H562IIK6, STM32H562IIT6, STM32H562RGT6, STM32H562RGV6, STM32H562RIT6, STM32H562RIV6, STM32H562VGT6, STM32H562VIT6, STM32H562ZGT6, STM32H562ZIT6, STM32H563AGI6, STM32H563AII3Q, STM32H563AII6, STM32H563IGK6, STM32H563IGT6, STM32H563IIK3Q, STM32H563IIK6, STM32H563IIT3Q, STM32H563IIT6, STM32H563MIY3QTR, STM32H563RGT6, STM32H563RGV6, STM32H563RIT6, STM32H563RIV6, STM32H563VGT6, STM32H563VIT3Q, STM32H563VIT6, STM32H563ZGT6, STM32H563ZIT3Q, STM32H563ZIT6, STM32H573AII3Q, STM32H573AII6, STM32H573I-DK, STM32H573IIK3Q, STM32H573IIK6, STM32H573IIT3Q, STM32H573IIT6, STM32H573MIY3QTR, STM32H573RIT6, STM32H573RIV6, STM32H573VIT3Q, STM32H573VIT6, STM32H573ZIT3Q, STM32H573ZIT6, STM32H7R3A8I6, STM32H7R3I8K6, STM32H7R3I8T6, STM32H7R3L8H6, STM32H7R3L8H6H, STM32H7R3R8V6, STM32H7R3V8H6, STM32H7R3V8T6, STM32H7R3V8Y6, STM32H7R3Z8J6, STM32H7R3Z8T6, STM32H7R7A8I6, STM32H7R7I8K6, STM32H7R7I8T6, STM32H7R7L8H6, STM32H7R7L8H6H, STM32H7R7Z8J6, STM32H7S3A8I6, STM32H7S3I8K6, STM32H7S3I8T6, STM32H7S3L8H6, STM32H7S3L8H6H, STM32H7S3R8V6, STM32H7S3V8H6, STM32H7S3V8T6, STM32H7S3V8Y6, STM32H7S3Z8J6, STM32H7S3Z8T6, STM32H7S78-DK, STM32H7S7A8I6, STM32H7S7I8K6, STM32H7S7I8T6, STM32H7S7L8H6, STM32H7S7L8H6H, STM32H7S7Z8J6, STM32L4R5QGI6STR, STM32MP131AAE3, STM32MP131AAF3, STM32MP131AAG3, STM32MP131CAE3, STM32MP131CAF3, STM32MP131CAG3, STM32MP131DAE7, STM32MP131DAF7, STM32MP131DAG7, STM32MP131FAE7, STM32MP131FAF7, STM32MP131FAG7, STM32MP133AAE3, STM32MP133AAF3, STM32MP133AAG3, STM32MP133CAE3, STM32MP133CAF3, STM32MP133CAG3, STM32MP133DAE7, STM32MP133DAF7, STM32MP133DAG7, STM32MP133FAE7, STM32MP133FAF7, STM32MP133FAG7, STM32MP135AAE3, STM32MP135AAF3, STM32MP135AAG3, STM32MP135CAE3, STM32MP135CAF3, STM32MP135CAG3, STM32MP135DAE7, STM32MP135DAF7, STM32MP135DAG7, STM32MP135F-DK, STM32MP135FAE7, STM32MP135FAF7, STM32MP135FAF7T, STM32MP135FAF7U, STM32MP135FAG7, STM32U031C6T6, STM32U031C6U6, STM32U031C8T6, STM32U031C8U6, STM32U031F4P6, STM32U031F6P6, STM32U031F8P6, STM32U031G6Y6TR, STM32U031G8Y6TR, STM32U031K4U6, STM32U031K6U6, STM32U031K8U6, STM32U031R6I6, STM32U031R6T6, STM32U031R8I6, STM32U031R8T6, STM32U073C8T6, STM32U073C8U6, STM32U073CBT6, STM32U073CBU6, STM32U073CCT6, STM32U073CCU6, STM32U073H8Y6TR, STM32U073HBY6TR, STM32U073HCY6TR, STM32U073K8U6, STM32U073KBU6, STM32U073KCU6, STM32U073M8I6, STM32U073M8T6, STM32U073MBI6, STM32U073MBT6, STM32U073MCI6, STM32U073MCT6, STM32U073R8I6, STM32U073R8T6, STM32U073RBI6, STM32U073RBT6, STM32U073RCI6, STM32U073RCT6, STM32U083C-DK, STM32U083CCT6, STM32U083CCU6, STM32U083HCY6TR, STM32U083KCU6, STM32U083MCI6, STM32U083MCT6, STM32U083RCI6, STM32U083RCT6, STM32U535CBT6, STM32U535CBT6Q, STM32U535CBU6, STM32U535CBU6Q, STM32U535CCT6, STM32U535CCT6Q, STM32U535CCU6, STM32U535CCU6Q, STM32U535CET6, STM32U535CET6Q, STM32U535CEU6, STM32U535CEU6Q, STM32U535JEY6QTR, STM32U535NCY6QTR, STM32U535NEY6QTR, STM32U535RBI6, STM32U535RBI6Q, STM32U535RBT6, STM32U535RBT6Q, STM32U535RCI6, STM32U535RCI6Q, STM32U535RCT6, STM32U535RCT6Q, STM32U535REI6, STM32U535REI6Q, STM32U535RET6, STM32U535RET6Q, STM32U535VCI6, STM32U535VCI6Q, STM32U535VCT6, STM32U535VCT6Q, STM32U535VEI6, STM32U535VEI6Q, STM32U535VET6, STM32U535VET6Q, STM32U545CET6, STM32U545CET6Q, STM32U545CEU6, STM32U545CEU6Q, STM32U545JEY6QTR, STM32U545NEY6QTR, STM32U545REI6, STM32U545REI6Q, STM32U545RET6, STM32U545RET6Q, STM32U545VEI6, STM32U545VEI6Q, STM32U545VET6, STM32U545VET6Q, STM32U595AIH6, STM32U595AIH6Q, STM32U595AJH6, STM32U595AJH6Q, STM32U595QII6, STM32U595QII6Q, STM32U595QJI6, STM32U595QJI6Q, STM32U595RIT6, STM32U595RIT6Q, STM32U595RJT6, STM32U595RJT6Q, STM32U595VIT6, STM32U595VIT6Q, STM32U595VJT6, STM32U595VJT6Q, STM32U595ZIT6, STM32U595ZIT6Q, STM32U595ZIY6QTR, STM32U595ZJT6, STM32U595ZJT6Q, STM32U595ZJY6QTR, STM32U599BJY6QTR, STM32U599NIH6Q, STM32U599NJH6Q, STM32U599VIT6Q, STM32U599VJT6, STM32U599VJT6Q, STM32U599ZIT6Q, STM32U599ZIY6QTR, STM32U599ZJT6Q, STM32U599ZJY6QTR, STM32U5A5AJH6, STM32U5A5AJH6Q, STM32U5A5QII3Q , STM32U5A5QJI6, STM32U5A5QJI6Q, STM32U5A5RJT6, STM32U5A5RJT6Q, STM32U5A5VJT6, STM32U5A5VJT6Q, STM32U5A5ZJT6, STM32U5A5ZJT6Q, STM32U5A5ZJY6QTR, STM32U5A9BJY6QTR, STM32U5A9J-DK, STM32U5A9NJH6Q, STM32U5A9VJT6Q, STM32U5A9ZJT6Q, STM32U5A9ZJY6QTR, STM32U5F7VIT6, STM32U5F7VIT6Q, STM32U5F7VJT6, STM32U5F7VJT6Q, STM32U5F9BJY6QTR, STM32U5F9NJH6Q, STM32U5F9VIT6Q, STM32U5F9VJT6Q, STM32U5F9ZIJ6QTR, STM32U5F9ZIT6Q, STM32U5F9ZJJ6QTR, STM32U5F9ZJT6Q, STM32U5G7VJT6, STM32U5G7VJT6Q, STM32U5G9BJY6QTR, STM32U5G9J-DK1, STM32U5G9J-DK2, STM32U5G9NJH6Q, STM32U5G9VJT6Q, STM32U5G9ZJJ6QTR, STM32U5G9ZJT6Q, STM32WB1MMCH6, STM32WBA50KEU6, STM32WBA50KEU6TR, STM32WBA50KGU6, STM32WBA50KGU6TR, STM32WBA52CEU6, STM32WBA52CEU6TR, STM32WBA52CEU7, STM32WBA52CEU7TR, STM32WBA52CGU6, STM32WBA52CGU6TR, STM32WBA52CGU6U, STM32WBA52CGU7, STM32WBA52CGU7TR, STM32WBA52KEU6, STM32WBA52KEU6TR, STM32WBA52KGU6, STM32WBA52KGU6TR, STM32WBA54CEU6, STM32WBA54CEU6TR, STM32WBA54CEU7, STM32WBA54CEU7TR, STM32WBA54CGU6, STM32WBA54CGU6TR, STM32WBA54CGU7, STM32WBA54CGU7TR, STM32WBA54KEU6, STM32WBA54KEU6TR, STM32WBA54KEU7, STM32WBA54KEU7TR, STM32WBA54KGU6, STM32WBA54KGU6TR, STM32WBA54KGU7, STM32WBA54KGU7TR, STM32WBA55CEU6, STM32WBA55CEU6TR, STM32WBA55CEU7, STM32WBA55CEU7TR, STM32WBA55CGU6, STM32WBA55CGU6TR, STM32WBA55CGU6U, STM32WBA55CGU7, STM32WBA55CGU7TR, STM32WBA55G-DK1, STM32WBA55HEF6, STM32WBA55HEF7, STM32WBA55HGF6, STM32WBA55HGF7, STM32WBA55UEI6, STM32WBA55UEI6TR, STM32WBA55UEI7, STM32WBA55UEI7TR, STM32WBA55UGI6, STM32WBA55UGI6TR, STM32WBA55UGI7, STM32WBA55UGI7TR, STM32WL5MOCH6, STM32WL5MOCH6TR]
2025-08-02 14:34:28,877 [INFO] DbMcus:218 - Found 4657 MCUs, 4657 are supported
2025-08-02 14:34:28,878 [INFO] ApiDb:423 - Load user favorites file C:\Users\shoot/.stm32cubeide/favorites.mcus.txt: 0 item(s)
2025-08-02 14:34:28,878 [INFO] ApiDb:427 - User favorites MCUs=[]
2025-08-02 14:34:28,878 [INFO] DbMcus:224 - Set 0 / 0 favorites MCUs
2025-08-02 14:34:29,371 [INFO] BoardInfo:889 - No configuration file found for board NUCLEO-C051C8
2025-08-02 14:34:29,372 [INFO] DbBoards:161 - Board is not supported: NUCLEO-C051C8
2025-08-02 14:34:29,373 [INFO] BoardInfo:889 - No configuration file found for board NUCLEO-C071RB
2025-08-02 14:34:29,374 [INFO] DbBoards:161 - Board is not supported: NUCLEO-C071RB
2025-08-02 14:34:29,376 [INFO] BoardInfo:889 - No configuration file found for board NUCLEO-C092RC
2025-08-02 14:34:29,377 [INFO] DbBoards:161 - Board is not supported: NUCLEO-C092RC
2025-08-02 14:34:29,507 [INFO] BoardInfo:889 - No configuration file found for board NUCLEO-N657X0-Q
2025-08-02 14:34:29,507 [INFO] DbBoards:161 - Board is not supported: NUCLEO-N657X0-Q
2025-08-02 14:34:29,512 [INFO] BoardInfo:889 - No configuration file found for board NUCLEO-U385RG-Q
2025-08-02 14:34:29,513 [INFO] DbBoards:161 - Board is not supported: NUCLEO-U385RG-Q
2025-08-02 14:34:29,521 [INFO] BoardInfo:889 - No configuration file found for board NUCLEO-WB05KZ
2025-08-02 14:34:29,521 [INFO] DbBoards:161 - Board is not supported: NUCLEO-WB05KZ
2025-08-02 14:34:29,523 [INFO] BoardInfo:889 - No configuration file found for board NUCLEO-WB07CC
2025-08-02 14:34:29,523 [INFO] DbBoards:161 - Board is not supported: NUCLEO-WB07CC
2025-08-02 14:34:29,525 [INFO] BoardInfo:889 - No configuration file found for board NUCLEO-WB09KE
2025-08-02 14:34:29,525 [INFO] DbBoards:161 - Board is not supported: NUCLEO-WB09KE
2025-08-02 14:34:29,534 [INFO] BoardInfo:889 - No configuration file found for board NUCLEO-WBA65RI
2025-08-02 14:34:29,535 [INFO] DbBoards:161 - Board is not supported: NUCLEO-WBA65RI
2025-08-02 14:34:29,537 [INFO] BoardInfo:889 - No configuration file found for board NUCLEO-WL33CC1
2025-08-02 14:34:29,537 [INFO] DbBoards:161 - Board is not supported: NUCLEO-WL33CC1
2025-08-02 14:34:29,538 [INFO] BoardInfo:889 - No configuration file found for board NUCLEO-WL33CC2
2025-08-02 14:34:29,539 [INFO] DbBoards:161 - Board is not supported: NUCLEO-WL33CC2
2025-08-02 14:34:29,549 [INFO] BoardInfo:889 - No configuration file found for board P-NUCLEO-WB55
2025-08-02 14:34:29,549 [INFO] DbBoards:161 - Kit is not supported: P-NUCLEO-WB55
2025-08-02 14:34:29,556 [INFO] BoardInfo:889 - No configuration file found for board STEVAL-BFA001V1B
2025-08-02 14:34:29,556 [INFO] DbBoards:161 - Kit is not supported: STEVAL-BFA001V1B
2025-08-02 14:34:29,558 [INFO] BoardInfo:889 - No configuration file found for board STEVAL-BFA001V2B
2025-08-02 14:34:29,558 [INFO] DbBoards:161 - Kit is not supported: STEVAL-BFA001V2B
2025-08-02 14:34:29,757 [INFO] BoardInfo:889 - No configuration file found for board STM32MP257F-DK
2025-08-02 14:34:29,758 [INFO] DbBoards:161 - Board is not supported: STM32MP257F-DK
2025-08-02 14:34:29,760 [INFO] BoardInfo:889 - No configuration file found for board STM32MP257F-EV1
2025-08-02 14:34:29,761 [INFO] DbBoards:161 - Board is not supported: STM32MP257F-EV1
2025-08-02 14:34:29,762 [INFO] BoardInfo:889 - No configuration file found for board STM32N6570-DK
2025-08-02 14:34:29,763 [INFO] DbBoards:161 - Board is not supported: STM32N6570-DK
2025-08-02 14:34:29,782 [INFO] BoardInfo:889 - No configuration file found for board STM32WBA65I-DK1
2025-08-02 14:34:29,782 [INFO] DbBoards:161 - Board is not supported: STM32WBA65I-DK1
2025-08-02 14:34:29,782 [INFO] DbBoards:168 - Found 210 boards, 192 are supported
2025-08-02 14:34:29,783 [INFO] DbBoards:169 - Found 210 boards, 8 of them is supported for  Bsp
2025-08-02 14:34:29,785 [INFO] ApiDb:414 - User favorites file not found: C:\Users\shoot/.stm32cubeide/favorites.boards.txt
2025-08-02 14:34:29,785 [INFO] DbBoards:198 - Set 0 / 0 favorites Boards
2025-08-02 14:34:29,861 [INFO] UtilMem:75 - End LoadConfig() Used Memory: 690230096 Bytes (1073741824)
2025-08-02 14:34:30,080 [WARN] ThirdParty:833 - waiting for thirdparty lock release [change project]
2025-08-02 14:34:30,080 [INFO] ThirdParty:835 - entering critical section [change project]
2025-08-02 14:34:30,080 [INFO] ThirdParty:1030 - CMSIS Pack Vendor :STMicroelectronics X-CUBE-PM33A1 1.0.0
2025-08-02 14:34:30,080 [INFO] ThirdParty:1030 - CMSIS Pack Vendor :STMicroelectronics USBPD 4.1
2025-08-02 14:34:30,081 [INFO] ThirdParty:1030 - CMSIS Pack Vendor :STMicroelectronics X-CUBE-GNSS1 6.0.0
2025-08-02 14:34:30,081 [INFO] ThirdParty:1030 - CMSIS Pack Vendor :STMicroelectronics USB_HOST 2.0.0
2025-08-02 14:34:30,081 [INFO] ThirdParty:1030 - CMSIS Pack Vendor :STMicroelectronics FP-SNS-MOTENVWB1 1.4.0
2025-08-02 14:34:30,081 [INFO] ThirdParty:1030 - CMSIS Pack Vendor :STMicroelectronics X-CUBE-AZRTOS-F4 1.1.0
2025-08-02 14:34:30,081 [INFO] ThirdParty:1030 - CMSIS Pack Vendor :STMicroelectronics LIBJPEG 8.0.0
2025-08-02 14:34:30,081 [INFO] ThirdParty:1030 - CMSIS Pack Vendor :STMicroelectronics FP-ATR-ASTRA1 2.0.2
2025-08-02 14:34:30,081 [INFO] ThirdParty:1030 - CMSIS Pack Vendor :STMicroelectronics X-CUBE-SMBUS 2.1.0
2025-08-02 14:34:30,081 [INFO] ThirdParty:1030 - CMSIS Pack Vendor :STMicroelectronics X-CUBE-WB05N 1.1.0
2025-08-02 14:34:30,081 [INFO] ThirdParty:1030 - CMSIS Pack Vendor :STMicroelectronics X-CUBE-ISPU 2.1.0
2025-08-02 14:34:30,081 [INFO] ThirdParty:1030 - CMSIS Pack Vendor :STMicroelectronics X-CUBE-FREERTOS 1.2.0
2025-08-02 14:34:30,081 [INFO] ThirdParty:1030 - CMSIS Pack Vendor :STMicroelectronics X-CUBE-NFC12 1.0.0
2025-08-02 14:34:30,082 [INFO] ThirdParty:1030 - CMSIS Pack Vendor :STMicroelectronics X-CUBE-TOUCHGFX 4.23.2
2025-08-02 14:34:30,082 [INFO] ThirdParty:1030 - CMSIS Pack Vendor :STMicroelectronics X-CUBE-AZRTOS-F7 1.1.0
2025-08-02 14:34:30,082 [INFO] ThirdParty:1030 - CMSIS Pack Vendor :STMicroelectronics X-CUBE-AZRTOS-L5 2.0.0
2025-08-02 14:34:30,082 [INFO] ThirdParty:1030 - CMSIS Pack Vendor :STMicroelectronics USB_DEVICE 2.0.0
2025-08-02 14:34:30,082 [INFO] ThirdParty:1030 - CMSIS Pack Vendor :STMicroelectronics X-CUBE-NFC6 3.1.0
2025-08-02 14:34:30,082 [INFO] ThirdParty:1030 - CMSIS Pack Vendor :STMicroelectronics X-CUBE-MEMS1 11.0.0
2025-08-02 14:34:30,082 [INFO] ThirdParty:1030 - CMSIS Pack Vendor :STMicroelectronics FreeRTOS 0.0.1
2025-08-02 14:34:30,082 [INFO] ThirdParty:1030 - CMSIS Pack Vendor :STMicroelectronics X-CUBE-DPower 1.2.0
2025-08-02 14:34:30,082 [INFO] ThirdParty:1030 - CMSIS Pack Vendor :STMicroelectronics FP-SNS-FLIGHT1 5.0.2
2025-08-02 14:34:30,082 [INFO] ThirdParty:1030 - CMSIS Pack Vendor :STMicroelectronics X-CUBE-AI 9.0.0
2025-08-02 14:34:30,082 [INFO] ThirdParty:1030 - CMSIS Pack Vendor :STMicroelectronics PDM2PCM 3.3.0
2025-08-02 14:34:30,082 [INFO] ThirdParty:1030 - CMSIS Pack Vendor :STMicroelectronics X-CUBE-AZRTOS-H7 3.4.0
2025-08-02 14:34:30,082 [INFO] ThirdParty:1030 - CMSIS Pack Vendor :STMicroelectronics X-CUBE-DISPLAY 3.0.0
2025-08-02 14:34:30,082 [INFO] ThirdParty:1030 - CMSIS Pack Vendor :STMicroelectronics X-CUBE-BLE1 7.0.0
2025-08-02 14:34:30,082 [INFO] ThirdParty:1030 - CMSIS Pack Vendor :STMicroelectronics X-CUBE-NFC10 1.0.0
2025-08-02 14:34:30,082 [INFO] ThirdParty:1030 - CMSIS Pack Vendor :STMicroelectronics X-CUBE-BLEMGR 4.0.0
2025-08-02 14:34:30,082 [INFO] ThirdParty:1030 - CMSIS Pack Vendor :STMicroelectronics X-CUBE-FREERTOS 1.3.1
2025-08-02 14:34:30,082 [INFO] ThirdParty:1030 - CMSIS Pack Vendor :STMicroelectronics HAL Drivers 0.0.0
2025-08-02 14:34:30,082 [INFO] ThirdParty:1030 - CMSIS Pack Vendor :emotas I-CUBE-CANOPEN 1.3.0
2025-08-02 14:34:30,083 [INFO] ThirdParty:1030 - CMSIS Pack Vendor :STMicroelectronics X-CUBE-FREERTOS 1.3.0
2025-08-02 14:34:30,083 [INFO] ThirdParty:1030 - CMSIS Pack Vendor :STMicroelectronics X-CUBE-NFC7 1.0.1
2025-08-02 14:34:30,083 [INFO] ThirdParty:1030 - CMSIS Pack Vendor :STMicroelectronics MBEDTLS 2.14.1
2025-08-02 14:34:30,083 [INFO] ThirdParty:1030 - CMSIS Pack Vendor :wolfSSL I-CUBE-wolfTPM 3.2.0
2025-08-02 14:34:30,083 [INFO] ThirdParty:1030 - CMSIS Pack Vendor :STMicroelectronics X-CUBE-BLEMGR 3.1.0
2025-08-02 14:34:30,083 [INFO] ThirdParty:1030 - CMSIS Pack Vendor :STMicroelectronics X-CUBE-AI 10.0.0
2025-08-02 14:34:30,083 [INFO] ThirdParty:1030 - CMSIS Pack Vendor :STMicroelectronics FP-SNS-SMARTAG2 1.2.0
2025-08-02 14:34:30,083 [INFO] ThirdParty:1030 - CMSIS Pack Vendor :STMicroelectronics X-CUBE-MEMS1 11.1.0
2025-08-02 14:34:30,083 [INFO] ThirdParty:1030 - CMSIS Pack Vendor :STMicroelectronics X-CUBE-AZRTOS-WL 2.0.0
2025-08-02 14:34:30,083 [INFO] ThirdParty:1030 - CMSIS Pack Vendor :STMicroelectronics X-CUBE-DPower 1.3.0
2025-08-02 14:34:30,083 [INFO] ThirdParty:1030 - CMSIS Pack Vendor :STMicroelectronics FP-SNS-MOTENV1 5.0.0
2025-08-02 14:34:30,083 [INFO] ThirdParty:1030 - CMSIS Pack Vendor :STMicroelectronics USB_DEVICE 1.0.0
2025-08-02 14:34:30,083 [INFO] ThirdParty:1030 - CMSIS Pack Vendor :wolfSSL I-CUBE-wolfMQTT 1.19.0
2025-08-02 14:34:30,083 [INFO] ThirdParty:1030 - CMSIS Pack Vendor :STMicroelectronics X-CUBE-AZRTOS-L4 2.0.0
2025-08-02 14:34:30,083 [INFO] ThirdParty:1030 - CMSIS Pack Vendor :STMicroelectronics ThreadX 0.0.2
2025-08-02 14:34:30,083 [INFO] ThirdParty:1030 - CMSIS Pack Vendor :WES I-CUBE-Cesium 1.3.0
2025-08-02 14:34:30,083 [INFO] ThirdParty:1030 - CMSIS Pack Vendor :STMicroelectronics lwIP 2.1.2
2025-08-02 14:34:30,083 [INFO] ThirdParty:1030 - CMSIS Pack Vendor :STMicroelectronics X-CUBE-SFXS2LP1 4.0.0
2025-08-02 14:34:30,083 [INFO] ThirdParty:1030 - CMSIS Pack Vendor :STMicroelectronics X-CUBE-BLE2 3.3.0
2025-08-02 14:34:30,083 [INFO] ThirdParty:1030 - CMSIS Pack Vendor :STMicroelectronics PDM2PCM 3.2.0
2025-08-02 14:34:30,085 [INFO] ThirdParty:1030 - CMSIS Pack Vendor :STMicroelectronics X-CUBE-AZRTOS-H7 3.3.0
2025-08-02 14:34:30,085 [INFO] ThirdParty:1030 - CMSIS Pack Vendor :STMicroelectronics X-CUBE-NFC9 1.0.0
2025-08-02 14:34:30,085 [INFO] ThirdParty:1030 - CMSIS Pack Vendor :STMicroelectronics X-CUBE-BLE1 7.1.0
2025-08-02 14:34:30,085 [INFO] ThirdParty:1030 - CMSIS Pack Vendor :STMicroelectronics USB_DEVICE 3.0.0
2025-08-02 14:34:30,085 [INFO] ThirdParty:1030 - CMSIS Pack Vendor :STMicroelectronics X-CUBE-TCPP 4.1.0
2025-08-02 14:34:30,085 [INFO] ThirdParty:1030 - CMSIS Pack Vendor :STMicroelectronics X-CUBE-EEPRMA1 5.2.0
2025-08-02 14:34:30,085 [INFO] ThirdParty:1030 - CMSIS Pack Vendor :STMicroelectronics X-CUBE-IPS 3.0.0
2025-08-02 14:34:30,085 [INFO] ThirdParty:1030 - CMSIS Pack Vendor :STMicroelectronics X-CUBE-AZRTOS-WB 2.0.0
2025-08-02 14:34:30,085 [INFO] ThirdParty:1030 - CMSIS Pack Vendor :STMicroelectronics X-CUBE-GNSS1 7.0.0
2025-08-02 14:34:30,085 [INFO] ThirdParty:1030 - CMSIS Pack Vendor :STMicroelectronics X-CUBE-GNSS1 7.0.1
2025-08-02 14:34:30,085 [INFO] ThirdParty:1030 - CMSIS Pack Vendor :STMicroelectronics X-CUBE-TOUCHGFX 4.25.0
2025-08-02 14:34:30,085 [INFO] ThirdParty:1030 - CMSIS Pack Vendor :STMicroelectronics X-CUBE-AI 10.1.0
2025-08-02 14:34:30,085 [INFO] ThirdParty:1030 - CMSIS Pack Vendor :STMicroelectronics FP-SNS-STBOX1 2.0.0
2025-08-02 14:34:30,085 [INFO] ThirdParty:1030 - CMSIS Pack Vendor :STMicroelectronics X-CUBE-ALGOBUILD 1.3.0
2025-08-02 14:34:30,085 [INFO] ThirdParty:1030 - CMSIS Pack Vendor :STMicroelectronics X-CUBE-MEMS1 11.2.0
2025-08-02 14:34:30,085 [INFO] ThirdParty:1030 - CMSIS Pack Vendor :STMicroelectronics X-CUBE-AZRTOS-G0 1.1.0
2025-08-02 14:34:30,085 [INFO] ThirdParty:1030 - CMSIS Pack Vendor :STMicroelectronics X-CUBE-SAFEA1 1.2.2
2025-08-02 14:34:30,085 [INFO] ThirdParty:1030 - CMSIS Pack Vendor :STMicroelectronics X-CUBE-NFC4 3.0.0
2025-08-02 14:34:30,085 [INFO] ThirdParty:1030 - CMSIS Pack Vendor :STMicroelectronics X-CUBE-SUBG2 5.0.0
2025-08-02 14:34:30,086 [INFO] ThirdParty:1030 - CMSIS Pack Vendor :STMicroelectronics X-CUBE-AZRTOS-H7RS 1.1.0
2025-08-02 14:34:30,086 [INFO] ThirdParty:1030 - CMSIS Pack Vendor :STMicroelectronics STM32_WPAN 1.0.0
2025-08-02 14:34:30,086 [INFO] ThirdParty:1030 - CMSIS Pack Vendor :wolfSSL I-CUBE-wolfMQTT 1.18.0
2025-08-02 14:34:30,086 [INFO] ThirdParty:1030 - CMSIS Pack Vendor :EmbeddedOffice I-CUBE-FS-RTOS 1.0.1
2025-08-02 14:34:30,086 [INFO] ThirdParty:1030 - CMSIS Pack Vendor :STMicroelectronics lwIP 2.0.3
2025-08-02 14:34:30,086 [INFO] ThirdParty:1030 - CMSIS Pack Vendor :Cesanta I-CUBE-Mongoose 7.13.0
2025-08-02 14:34:30,086 [INFO] ThirdParty:1030 - CMSIS Pack Vendor :STMicroelectronics USB_HOST 1.0.0
2025-08-02 14:34:30,086 [INFO] ThirdParty:1030 - CMSIS Pack Vendor :STMicroelectronics X-CUBE-AZRTOS-G4 2.0.0
2025-08-02 14:34:30,086 [INFO] ThirdParty:1030 - CMSIS Pack Vendor :STMicroelectronics X-CUBE-WB05N 2.0.0
2025-08-02 14:34:30,086 [INFO] ThirdParty:1030 - CMSIS Pack Vendor :STMicroelectronics PDM2PCM 3.1.0
2025-08-02 14:34:30,086 [INFO] ThirdParty:1030 - CMSIS Pack Vendor :STMicroelectronics X-CUBE-NFC7 2.0.0
2025-08-02 14:34:30,086 [INFO] ThirdParty:1030 - CMSIS Pack Vendor :RealThread X-CUBE-RT-Thread_Nano 4.1.1
2025-08-02 14:34:30,086 [INFO] ThirdParty:1030 - CMSIS Pack Vendor :wolfSSL I-CUBE-wolfSSL 5.7.0
2025-08-02 14:34:30,086 [INFO] ThirdParty:1030 - CMSIS Pack Vendor :STMicroelectronics FP-ATR-SIGFOX1 3.2.0
2025-08-02 14:34:30,086 [INFO] ThirdParty:1030 - CMSIS Pack Vendor :quantropi X-CUBE-qispace-sdk-base 1.9.3
2025-08-02 14:34:30,086 [INFO] ThirdParty:1030 - CMSIS Pack Vendor :STMicroelectronics X-CUBE-ISPU 2.0.0
2025-08-02 14:34:30,086 [INFO] ThirdParty:1030 - CMSIS Pack Vendor :STMicroelectronics X-CUBE-EEPRMA1 5.1.0
2025-08-02 14:34:30,086 [INFO] ThirdParty:1030 - CMSIS Pack Vendor :STMicroelectronics MBEDTLS 2.16.2
2025-08-02 14:34:30,086 [INFO] ThirdParty:1030 - CMSIS Pack Vendor :STMicroelectronics X-CUBE-ALS 1.0.2
2025-08-02 14:34:30,086 [INFO] ThirdParty:1030 - CMSIS Pack Vendor :STMicroelectronics X-CUBE-MEMS1 10.0.0
2025-08-02 14:34:30,087 [INFO] ThirdParty:1030 - CMSIS Pack Vendor :STMicroelectronics X-CUBE-TOUCHGFX 4.24.0
2025-08-02 14:34:30,087 [INFO] ThirdParty:1030 - CMSIS Pack Vendor :ITTIA_DB I-CUBE-ITTIADB 8.9.0
2025-08-02 14:34:30,087 [INFO] ThirdParty:1030 - CMSIS Pack Vendor :STMicroelectronics X-CUBE-TOUCHGFX 4.24.2
2025-08-02 14:34:30,087 [INFO] ThirdParty:1030 - CMSIS Pack Vendor :STMicroelectronics X-CUBE-TOUCHGFX 4.24.1
2025-08-02 14:34:30,087 [INFO] ThirdParty:1030 - CMSIS Pack Vendor :portGmbH I-Cube-SoM-uGOAL 1.1.0
2025-08-02 14:34:30,087 [INFO] ThirdParty:1030 - CMSIS Pack Vendor :STMicroelectronics X-CUBE-ALS 1.0.1
2025-08-02 14:34:30,087 [INFO] ThirdParty:1030 - CMSIS Pack Vendor :STMicroelectronics ThreadX 1.0.0
2025-08-02 14:34:30,087 [INFO] ThirdParty:1030 - CMSIS Pack Vendor :SEGGER I-CUBE-embOS 1.3.1
2025-08-02 14:34:30,087 [INFO] ThirdParty:1030 - CMSIS Pack Vendor :STMicroelectronics X-CUBE-ALGOBUILD 1.4.0
2025-08-02 14:34:30,087 [INFO] ThirdParty:1030 - CMSIS Pack Vendor :STMicroelectronics X-CUBE-MEMS1 11.3.0
2025-08-02 14:34:30,087 [INFO] ThirdParty:1030 - CMSIS Pack Vendor :STMicroelectronics X-CUBE-AZRTOS-H7RS 1.0.0
2025-08-02 14:34:30,087 [INFO] ThirdParty:1030 - CMSIS Pack Vendor :STMicroelectronics FP-ATR-ASTRA1 2.0.0
2025-08-02 14:34:30,087 [INFO] ThirdParty:1030 - CMSIS Pack Vendor :STMicroelectronics X-CUBE-TOF1 3.4.2
2025-08-02 14:34:30,087 [INFO] ThirdParty:1030 - CMSIS Pack Vendor :STMicroelectronics X-CUBE-AI 9.1.0
2025-08-02 14:34:30,087 [INFO] ThirdParty:1030 - CMSIS Pack Vendor :STMicroelectronics X-CUBE-TOF1 3.4.1
2025-08-02 14:34:30,087 [INFO] ThirdParty:1030 - CMSIS Pack Vendor :STMicroelectronics X-CUBE-AZRTOS-H7 3.2.0
2025-08-02 14:34:30,087 [INFO] ThirdParty:1030 - CMSIS Pack Vendor :Infineon AIROC-Wi-Fi-Bluetooth-STM32 1.6.0
2025-08-02 14:34:30,087 [INFO] ThirdParty:1030 - CMSIS Pack Vendor :wolfSSL I-CUBE-wolfSSH 1.4.17
2025-08-02 14:34:30,087 [INFO] ThirdParty:841 - exiting critical section [change project]
2025-08-02 14:34:30,642 [INFO] PinOutPanel:1561 - setPackage(No Configuration,No Configuration)
2025-08-02 14:34:30,645 [INFO] PinOutPanel:1561 - setPackage(STM32F205RBTx,LQFP64)
2025-08-02 14:34:31,267 [INFO] UtilMem:75 - Before build in PCC Used Memory: 896879816 Bytes (1073741824)
2025-08-02 14:34:32,597 [INFO] UtilMem:75 - After build in PCC Used Memory: 697948160 Bytes (1073741824)
2025-08-02 14:34:32,856 [INFO] ApiDbMcu:508 - Load IP Config File for USB_DEVICE
2025-08-02 14:34:32,902 [INFO] IPUIPlugin:80 - create IPUIPlugin
2025-08-02 14:34:32,902 [INFO] IPUIPlugin:80 - create IPUIPlugin
2025-08-02 14:34:32,902 [INFO] IPUIPlugin:80 - create IPUIPlugin
2025-08-02 14:34:32,902 [INFO] IPUIPlugin:80 - create IPUIPlugin
2025-08-02 14:34:32,902 [INFO] IPUIPlugin:80 - create IPUIPlugin
2025-08-02 14:34:32,902 [INFO] IPUIPlugin:80 - create IPUIPlugin
2025-08-02 14:34:32,902 [INFO] IPUIPlugin:80 - create IPUIPlugin
2025-08-02 14:34:32,903 [INFO] IPUIPlugin:80 - create IPUIPlugin
2025-08-02 14:34:32,903 [INFO] IPUIPlugin:80 - create IPUIPlugin
2025-08-02 14:34:32,903 [INFO] IPUIPlugin:80 - create IPUIPlugin
2025-08-02 14:34:32,903 [INFO] IPUIPlugin:80 - create IPUIPlugin
2025-08-02 14:34:32,903 [INFO] IPUIPlugin:80 - create IPUIPlugin
2025-08-02 14:34:32,903 [INFO] IPUIPlugin:80 - create IPUIPlugin
2025-08-02 14:34:32,903 [INFO] IPUIPlugin:80 - create IPUIPlugin
2025-08-02 14:34:32,903 [INFO] IPUIPlugin:80 - create IPUIPlugin
2025-08-02 14:34:32,904 [INFO] IPUIPlugin:80 - create IPUIPlugin
2025-08-02 14:34:32,904 [INFO] IPUIPlugin:80 - create IPUIPlugin
2025-08-02 14:34:32,904 [INFO] IPUIPlugin:80 - create IPUIPlugin
2025-08-02 14:34:32,904 [INFO] IPUIPlugin:80 - create IPUIPlugin
2025-08-02 14:34:32,904 [INFO] IPUIPlugin:80 - create IPUIPlugin
2025-08-02 14:34:32,905 [INFO] IPUIPlugin:80 - create IPUIPlugin
2025-08-02 14:34:32,905 [INFO] IPUIPlugin:80 - create IPUIPlugin
2025-08-02 14:34:32,905 [INFO] IPUIPlugin:80 - create IPUIPlugin
2025-08-02 14:34:32,905 [INFO] IPUIPlugin:80 - create IPUIPlugin
2025-08-02 14:34:32,905 [INFO] IPUIPlugin:80 - create IPUIPlugin
2025-08-02 14:34:32,907 [INFO] IPUIPlugin:80 - create IPUIPlugin
2025-08-02 14:34:32,907 [INFO] IPUIPlugin:80 - create IPUIPlugin
2025-08-02 14:34:32,907 [INFO] IPUIPlugin:80 - create IPUIPlugin
2025-08-02 14:34:32,907 [INFO] IPUIPlugin:80 - create IPUIPlugin
2025-08-02 14:34:32,907 [INFO] IPUIPlugin:80 - create IPUIPlugin
2025-08-02 14:34:32,908 [INFO] IPUIPlugin:80 - create IPUIPlugin
2025-08-02 14:34:32,908 [INFO] IPUIPlugin:80 - create IPUIPlugin
2025-08-02 14:34:32,908 [INFO] IPUIPlugin:80 - create IPUIPlugin
2025-08-02 14:34:32,908 [INFO] IPUIPlugin:80 - create IPUIPlugin
2025-08-02 14:34:32,909 [INFO] IPUIPlugin:80 - create IPUIPlugin
2025-08-02 14:34:32,909 [INFO] IPUIPlugin:80 - create IPUIPlugin
2025-08-02 14:34:32,909 [INFO] IPUIPlugin:80 - create IPUIPlugin
2025-08-02 14:34:32,910 [INFO] IPUIPlugin:80 - create IPUIPlugin
2025-08-02 14:34:32,910 [INFO] IPUIPlugin:80 - create IPUIPlugin
2025-08-02 14:34:32,910 [INFO] IPUIPlugin:80 - create IPUIPlugin
2025-08-02 14:34:32,911 [INFO] IPUIPlugin:80 - create IPUIPlugin
2025-08-02 14:34:32,911 [INFO] IPUIPlugin:80 - create IPUIPlugin
2025-08-02 14:34:32,911 [INFO] IPUIPlugin:80 - create IPUIPlugin
2025-08-02 14:34:32,912 [INFO] IPUIPlugin:80 - create IPUIPlugin
2025-08-02 14:34:32,912 [INFO] IPUIPlugin:80 - create IPUIPlugin
2025-08-02 14:34:32,912 [INFO] IPUIPlugin:80 - create IPUIPlugin
2025-08-02 14:34:32,912 [INFO] IPUIPlugin:80 - create IPUIPlugin
2025-08-02 14:34:32,913 [INFO] IPUIPlugin:80 - create IPUIPlugin
2025-08-02 14:34:32,913 [INFO] IPUIPlugin:80 - create IPUIPlugin
2025-08-02 14:34:32,913 [INFO] IPUIPlugin:80 - create IPUIPlugin
2025-08-02 14:34:32,914 [INFO] IPUIPlugin:80 - create IPUIPlugin
2025-08-02 14:34:32,914 [INFO] IPUIPlugin:80 - create IPUIPlugin
2025-08-02 14:34:32,915 [INFO] IPUIPlugin:80 - create IPUIPlugin
2025-08-02 14:34:32,915 [INFO] IPUIPlugin:80 - create IPUIPlugin
2025-08-02 14:34:32,946 [INFO] ApiDbMcu:508 - Load IP Config File for PDM2PCM
2025-08-02 14:34:32,979 [INFO] Can:71 - Can Add PropertyChangeListener com.st.microxplorer.plugins.ip.can.Can@7dac2063
2025-08-02 14:34:32,981 [INFO] Can:71 - Can Add PropertyChangeListener com.st.microxplorer.plugins.ip.can.Can@4549fdee
2025-08-02 14:34:33,330 [INFO] CADModel:165 - CPN selected for project levelSTM32F205RBT6
2025-08-02 14:34:33,330 [INFO] CADModel:114 - Register for checkConnection events
2025-08-02 14:34:33,397 [INFO] OpenFileManager:343 - Restore cursor
2025-08-02 14:34:33,625 [WARN] IP:2120 - DEVICE_SERIAL0_CDC_FS not found: check if there is a RefParameter without a condition.
2025-08-02 14:34:33,625 [WARN] IP:2120 - DEVICE_SERIAL1_CDC_FS not found: check if there is a RefParameter without a condition.
2025-08-02 14:34:33,625 [WARN] IP:2120 - DEVICE_SERIAL2_CDC_FS not found: check if there is a RefParameter without a condition.
2025-08-02 14:34:33,627 [WARN] IP:2120 - DEVICE_SERIAL0_CDC_FS not found: check if there is a RefParameter without a condition.
2025-08-02 14:34:33,627 [WARN] IP:2120 - DEVICE_SERIAL1_CDC_FS not found: check if there is a RefParameter without a condition.
2025-08-02 14:34:33,627 [WARN] IP:2120 - DEVICE_SERIAL2_CDC_FS not found: check if there is a RefParameter without a condition.
2025-08-02 14:34:33,772 [WARN] IP:2120 - lpm_enable not found: check if there is a RefParameter without a condition.
2025-08-02 14:34:33,773 [WARN] IP:2120 - lpm_enable not found: check if there is a RefParameter without a condition.
2025-08-02 14:36:50,968 [INFO] Gpio:277 - dependency for GPIO [ADC1, ADC2, CAN1, CAN2, RCC, SPI3, SYS, TIM9, USB_OTG_FS]
2025-08-02 14:52:14,317 [INFO] UtilMem:75 - End SaveConfig() Used Memory: 951653552 Bytes (1073741824)
2025-08-02 14:52:15,798 [INFO] UtilMem:75 - End SaveConfig() Used Memory: 686612736 Bytes (1073741824)
2025-08-02 14:52:25,688 [INFO] UtilMem:75 - End SaveConfig() Used Memory: 805505440 Bytes (1073741824)
2025-08-02 14:52:26,399 [INFO] BlockDiagram:2759 - set Specific Code input for plugin: SPI
2025-08-02 14:52:26,399 [INFO] BlockDiagram:2759 - set Specific Code input for plugin: CAN
2025-08-02 14:52:26,399 [INFO] BlockDiagram:2759 - set Specific Code input for plugin: TIM1_8F2
2025-08-02 14:52:26,399 [INFO] BlockDiagram:2759 - set Specific Code input for plugin: CAN
2025-08-02 14:52:26,399 [INFO] BlockDiagram:2759 - set Specific Code input for plugin: USB_DEVICE
2025-08-02 14:52:26,400 [INFO] BlockDiagram:2759 - set Specific Code input for plugin: ADC
2025-08-02 14:52:26,400 [INFO] BlockDiagram:2759 - set Specific Code input for plugin: SYS
2025-08-02 14:52:26,400 [INFO] BlockDiagram:2759 - set Specific Code input for plugin: ADC
2025-08-02 14:52:26,400 [INFO] BlockDiagram:2759 - set Specific Code input for plugin: RCC
2025-08-02 14:52:26,400 [INFO] BlockDiagram:2759 - set Specific Code input for plugin: USB_OTG_FS
2025-08-02 14:52:26,400 [INFO] BlockDiagram:2759 - set Specific Code input for plugin: NVIC
2025-08-02 14:52:26,400 [INFO] BlockDiagram:2759 - set Specific Code input for plugin: TIM1_8F2
2025-08-02 14:52:26,402 [INFO] BlockDiagram:2759 - set Specific Code input for plugin: GPIO
2025-08-02 14:52:26,404 [INFO] CodeGenerator:807 - code generatio: config db path: C:/Users/shoot/.stm32cubemx/databases/DB.6.0.100/db/
2025-08-02 14:52:26,470 [WARN] IP:2120 - DEVICE_SERIAL0_CDC_FS not found: check if there is a RefParameter without a condition.
2025-08-02 14:52:26,470 [WARN] IP:2120 - DEVICE_SERIAL1_CDC_FS not found: check if there is a RefParameter without a condition.
2025-08-02 14:52:26,470 [WARN] IP:2120 - DEVICE_SERIAL2_CDC_FS not found: check if there is a RefParameter without a condition.
2025-08-02 14:52:26,472 [WARN] IP:2120 - lpm_enable not found: check if there is a RefParameter without a condition.
2025-08-02 14:52:26,822 [INFO] CodeEngine:255 - oldGeneratedFile, C:\Users\shoot\Documents\GitHub\AMS_Master_Firmware\AMS_Firmware\MXTmpFiles\license.tmp_save
2025-08-02 14:52:27,296 [INFO] CodeEngine:279 - Generated code: C:\Users\shoot\Documents\GitHub\AMS_Master_Firmware\AMS_Firmware\MXTmpFiles\license.tmp
2025-08-02 14:52:27,463 [INFO] CodeEngine:255 - oldGeneratedFile, C:\Users\shoot\Documents\GitHub\AMS_Master_Firmware\AMS_Firmware\Core\Src\gpio.c_save
2025-08-02 14:52:27,696 [INFO] CodeEngine:279 - Generated code: C:\Users\shoot\Documents\GitHub\AMS_Master_Firmware\AMS_Firmware\Core\Src\gpio.c
2025-08-02 14:52:27,744 [INFO] CodeEngine:255 - oldGeneratedFile, C:\Users\shoot\Documents\GitHub\AMS_Master_Firmware\AMS_Firmware\Core\Inc\gpio.h_save
2025-08-02 14:52:27,911 [INFO] CodeEngine:279 - Generated code: C:\Users\shoot\Documents\GitHub\AMS_Master_Firmware\AMS_Firmware\Core\Inc\gpio.h
2025-08-02 14:52:28,123 [INFO] CodeEngine:255 - oldGeneratedFile, C:\Users\shoot\Documents\GitHub\AMS_Master_Firmware\AMS_Firmware\MXTmpFiles\usb_otg_fs_vars.tmp_save
2025-08-02 14:52:28,264 [INFO] CodeEngine:279 - Generated code: C:\Users\shoot\Documents\GitHub\AMS_Master_Firmware\AMS_Firmware\MXTmpFiles\usb_otg_fs_vars.tmp
2025-08-02 14:52:28,281 [INFO] CodeEngine:255 - oldGeneratedFile, C:\Users\shoot\Documents\GitHub\AMS_Master_Firmware\AMS_Firmware\MXTmpFiles\usb_otg_fs_inc.tmp_save
2025-08-02 14:52:28,397 [INFO] CodeEngine:279 - Generated code: C:\Users\shoot\Documents\GitHub\AMS_Master_Firmware\AMS_Firmware\MXTmpFiles\usb_otg_fs_inc.tmp
2025-08-02 14:52:28,431 [INFO] CodeEngine:255 - oldGeneratedFile, C:\Users\shoot\Documents\GitHub\AMS_Master_Firmware\AMS_Firmware\MXTmpFiles\usb_otg_fs_HalInit.tmp_save
2025-08-02 14:52:28,638 [INFO] CodeEngine:279 - Generated code: C:\Users\shoot\Documents\GitHub\AMS_Master_Firmware\AMS_Firmware\MXTmpFiles\usb_otg_fs_HalInit.tmp
2025-08-02 14:52:28,664 [INFO] CodeEngine:255 - oldGeneratedFile, C:\Users\shoot\Documents\GitHub\AMS_Master_Firmware\AMS_Firmware\MXTmpFiles\usb_otg_fs_Msp.tmp_save
2025-08-02 14:52:28,877 [INFO] CodeEngine:279 - Generated code: C:\Users\shoot\Documents\GitHub\AMS_Master_Firmware\AMS_Firmware\MXTmpFiles\usb_otg_fs_Msp.tmp
2025-08-02 14:52:29,549 [INFO] Middleware:1439 - No code input for Bsp Dependency
2025-08-02 14:52:29,602 [INFO] CodeEngine:255 - oldGeneratedFile, C:\Users\shoot\Documents\GitHub\AMS_Master_Firmware\AMS_Firmware\Core\Src\adc.c_save
2025-08-02 14:52:29,805 [INFO] CodeEngine:279 - Generated code: C:\Users\shoot\Documents\GitHub\AMS_Master_Firmware\AMS_Firmware\Core\Src\adc.c
2025-08-02 14:52:29,840 [INFO] CodeEngine:255 - oldGeneratedFile, C:\Users\shoot\Documents\GitHub\AMS_Master_Firmware\AMS_Firmware\Core\Inc\adc.h_save
2025-08-02 14:52:29,999 [INFO] CodeEngine:279 - Generated code: C:\Users\shoot\Documents\GitHub\AMS_Master_Firmware\AMS_Firmware\Core\Inc\adc.h
2025-08-02 14:52:30,052 [INFO] CodeEngine:255 - oldGeneratedFile, C:\Users\shoot\Documents\GitHub\AMS_Master_Firmware\AMS_Firmware\Core\Src\can.c_save
2025-08-02 14:52:30,374 [INFO] CodeEngine:279 - Generated code: C:\Users\shoot\Documents\GitHub\AMS_Master_Firmware\AMS_Firmware\Core\Src\can.c
2025-08-02 14:52:30,397 [INFO] CodeEngine:255 - oldGeneratedFile, C:\Users\shoot\Documents\GitHub\AMS_Master_Firmware\AMS_Firmware\Core\Inc\can.h_save
2025-08-02 14:52:30,611 [INFO] CodeEngine:279 - Generated code: C:\Users\shoot\Documents\GitHub\AMS_Master_Firmware\AMS_Firmware\Core\Inc\can.h
2025-08-02 14:52:30,655 [INFO] CodeEngine:255 - oldGeneratedFile, C:\Users\shoot\Documents\GitHub\AMS_Master_Firmware\AMS_Firmware\Core\Src\spi.c_save
2025-08-02 14:52:30,842 [INFO] CodeEngine:279 - Generated code: C:\Users\shoot\Documents\GitHub\AMS_Master_Firmware\AMS_Firmware\Core\Src\spi.c
2025-08-02 14:52:30,856 [INFO] CodeEngine:255 - oldGeneratedFile, C:\Users\shoot\Documents\GitHub\AMS_Master_Firmware\AMS_Firmware\Core\Inc\spi.h_save
2025-08-02 14:52:31,006 [INFO] CodeEngine:279 - Generated code: C:\Users\shoot\Documents\GitHub\AMS_Master_Firmware\AMS_Firmware\Core\Inc\spi.h
2025-08-02 14:52:31,042 [INFO] CodeEngine:255 - oldGeneratedFile, C:\Users\shoot\Documents\GitHub\AMS_Master_Firmware\AMS_Firmware\Core\Src\tim.c_save
2025-08-02 14:52:31,202 [INFO] CodeEngine:279 - Generated code: C:\Users\shoot\Documents\GitHub\AMS_Master_Firmware\AMS_Firmware\Core\Src\tim.c
2025-08-02 14:52:31,215 [INFO] CodeEngine:255 - oldGeneratedFile, C:\Users\shoot\Documents\GitHub\AMS_Master_Firmware\AMS_Firmware\Core\Inc\tim.h_save
2025-08-02 14:52:31,340 [INFO] CodeEngine:279 - Generated code: C:\Users\shoot\Documents\GitHub\AMS_Master_Firmware\AMS_Firmware\Core\Inc\tim.h
2025-08-02 14:52:31,357 [INFO] Middleware:1439 - No code input for Bsp Dependency
2025-08-02 14:52:31,403 [INFO] CodeEngine:255 - oldGeneratedFile, C:\Users\shoot\Documents\GitHub\AMS_Master_Firmware\AMS_Firmware\USB_DEVICE\App\usb_device.c_save
2025-08-02 14:52:31,544 [INFO] CodeEngine:279 - Generated code: C:\Users\shoot\Documents\GitHub\AMS_Master_Firmware\AMS_Firmware\USB_DEVICE\App\usb_device.c
2025-08-02 14:52:31,584 [INFO] CodeEngine:255 - oldGeneratedFile, C:\Users\shoot\Documents\GitHub\AMS_Master_Firmware\AMS_Firmware\USB_DEVICE\App\usb_device.h_save
2025-08-02 14:52:31,748 [INFO] CodeEngine:279 - Generated code: C:\Users\shoot\Documents\GitHub\AMS_Master_Firmware\AMS_Firmware\USB_DEVICE\App\usb_device.h
2025-08-02 14:52:31,821 [INFO] CodeEngine:255 - oldGeneratedFile, C:\Users\shoot\Documents\GitHub\AMS_Master_Firmware\AMS_Firmware\USB_DEVICE\Target\usbd_conf.h_save
2025-08-02 14:52:32,152 [INFO] CodeEngine:279 - Generated code: C:\Users\shoot\Documents\GitHub\AMS_Master_Firmware\AMS_Firmware\USB_DEVICE\Target\usbd_conf.h
2025-08-02 14:52:32,189 [INFO] CodeEngine:255 - oldGeneratedFile, C:\Users\shoot\Documents\GitHub\AMS_Master_Firmware\AMS_Firmware\USB_DEVICE\Target\usbd_conf.c_save
2025-08-02 14:52:32,337 [INFO] CodeEngine:279 - Generated code: C:\Users\shoot\Documents\GitHub\AMS_Master_Firmware\AMS_Firmware\USB_DEVICE\Target\usbd_conf.c
2025-08-02 14:52:32,436 [INFO] CodeEngine:255 - oldGeneratedFile, C:\Users\shoot\Documents\GitHub\AMS_Master_Firmware\AMS_Firmware\USB_DEVICE\App\usbd_desc.h_save
2025-08-02 14:52:32,863 [INFO] CodeEngine:279 - Generated code: C:\Users\shoot\Documents\GitHub\AMS_Master_Firmware\AMS_Firmware\USB_DEVICE\App\usbd_desc.h
2025-08-02 14:52:32,985 [INFO] CodeEngine:255 - oldGeneratedFile, C:\Users\shoot\Documents\GitHub\AMS_Master_Firmware\AMS_Firmware\USB_DEVICE\App\usbd_desc.c_save
2025-08-02 14:52:33,427 [INFO] CodeEngine:279 - Generated code: C:\Users\shoot\Documents\GitHub\AMS_Master_Firmware\AMS_Firmware\USB_DEVICE\App\usbd_desc.c
2025-08-02 14:52:33,574 [INFO] CodeEngine:255 - oldGeneratedFile, C:\Users\shoot\Documents\GitHub\AMS_Master_Firmware\AMS_Firmware\USB_DEVICE\App\usbd_cdc_if.h_save
2025-08-02 14:52:33,917 [INFO] CodeEngine:279 - Generated code: C:\Users\shoot\Documents\GitHub\AMS_Master_Firmware\AMS_Firmware\USB_DEVICE\App\usbd_cdc_if.h
2025-08-02 14:52:33,991 [INFO] CodeEngine:255 - oldGeneratedFile, C:\Users\shoot\Documents\GitHub\AMS_Master_Firmware\AMS_Firmware\USB_DEVICE\App\usbd_cdc_if.c_save
2025-08-02 14:52:34,259 [INFO] CodeEngine:279 - Generated code: C:\Users\shoot\Documents\GitHub\AMS_Master_Firmware\AMS_Firmware\USB_DEVICE\App\usbd_cdc_if.c
2025-08-02 14:52:34,372 [INFO] CodeEngine:255 - oldGeneratedFile, C:\Users\shoot\Documents\GitHub\AMS_Master_Firmware\AMS_Firmware\Core\Src\stm32f2xx_it.c_save
2025-08-02 14:52:34,671 [INFO] CodeEngine:279 - Generated code: C:\Users\shoot\Documents\GitHub\AMS_Master_Firmware\AMS_Firmware\Core\Src\stm32f2xx_it.c
2025-08-02 14:52:34,715 [INFO] CodeEngine:255 - oldGeneratedFile, C:\Users\shoot\Documents\GitHub\AMS_Master_Firmware\AMS_Firmware\Core\Inc\stm32f2xx_it.h_save
2025-08-02 14:52:34,866 [INFO] CodeEngine:279 - Generated code: C:\Users\shoot\Documents\GitHub\AMS_Master_Firmware\AMS_Firmware\Core\Inc\stm32f2xx_it.h
2025-08-02 14:52:34,938 [INFO] CodeEngine:255 - oldGeneratedFile, C:\Users\shoot\Documents\GitHub\AMS_Master_Firmware\AMS_Firmware\Core\Src\stm32f2xx_hal_msp.c_save
2025-08-02 14:52:35,097 [INFO] CodeEngine:279 - Generated code: C:\Users\shoot\Documents\GitHub\AMS_Master_Firmware\AMS_Firmware\Core\Src\stm32f2xx_hal_msp.c
2025-08-02 14:52:35,119 [INFO] CodeEngine:255 - oldGeneratedFile, C:\Users\shoot\Documents\GitHub\AMS_Master_Firmware\AMS_Firmware\MXTmpFiles\system.tmp_save
2025-08-02 14:52:35,239 [INFO] CodeEngine:279 - Generated code: C:\Users\shoot\Documents\GitHub\AMS_Master_Firmware\AMS_Firmware\MXTmpFiles\system.tmp
2025-08-02 14:52:35,298 [INFO] CodeEngine:311 - oldGeneratedFile, C:\Users\shoot\Documents\GitHub\AMS_Master_Firmware\AMS_Firmware\Core\Inc\stm32f2xx_hal_conf.h_save
2025-08-02 14:52:35,445 [INFO] CodeEngine:335 - Generated code: C:\Users\shoot\Documents\GitHub\AMS_Master_Firmware\AMS_Firmware\Core\Inc\stm32f2xx_hal_conf.h
2025-08-02 14:52:35,545 [INFO] CodeEngine:255 - oldGeneratedFile, C:\Users\shoot\Documents\GitHub\AMS_Master_Firmware\AMS_Firmware\Core\Inc\main.h_save
2025-08-02 14:52:35,733 [INFO] CodeEngine:279 - Generated code: C:\Users\shoot\Documents\GitHub\AMS_Master_Firmware\AMS_Firmware\Core\Inc\main.h
2025-08-02 14:52:35,773 [INFO] CodeEngine:255 - oldGeneratedFile, C:\Users\shoot\Documents\GitHub\AMS_Master_Firmware\AMS_Firmware\Core\Src\main.c_save
2025-08-02 14:52:35,959 [INFO] CodeEngine:279 - Generated code: C:\Users\shoot\Documents\GitHub\AMS_Master_Firmware\AMS_Firmware\Core\Src\main.c
2025-08-02 14:52:36,784 [INFO] ProjectBuilder:3163 - Time for Copy HAL[1] : 490mS.
2025-08-02 14:52:36,803 [INFO] ProjectBuilder:4736 - Project Generator version: 4.3.0-B58
2025-08-02 14:52:36,920 [INFO] ConfigFileManager:1503 - The Die is : DIE411
2025-08-02 14:52:36,951 [INFO] ApiDbMcu:508 - Load IP Config File for FATFS
2025-08-02 14:52:36,989 [INFO] ApiDbMcu:508 - Load IP Config File for FREERTOS
2025-08-02 14:52:37,026 [INFO] ApiDbMcu:508 - Load IP Config File for LIBJPEG
2025-08-02 14:52:37,087 [INFO] ApiDbMcu:508 - Load IP Config File for MBEDTLS
2025-08-02 14:52:37,129 [INFO] ApiDbMcu:508 - Load IP Config File for USB_HOST
2025-08-02 14:52:38,143 [INFO] LogOutputStream:77 - [STDOUT_REDIRECT] 
2025-08-02 14:52:40,975 [INFO] ProjectBuilder:5002 - Time for Generating toolchain IDE Files: 4172mS.
2025-08-02 14:52:40,977 [INFO] ProjectBuilder:3034 - Time for Copy CMSIS : 2mS.
2025-08-02 14:52:40,991 [INFO] ProjectBuilder:3034 - Time for Copy CMSIS : 0mS.
