2025-08-01 11:28:26,634 [INFO] Activator:176 - 


2025-08-01 11:28:26,641 [INFO] Activator:177 - !SESSION log4j initialized
2025-08-01 11:28:33,223 [INFO] LogOutputStream:77 - [STDOUT_REDIRECT] 
2025-08-01 11:28:36,986 [INFO] ApplicationProperties:184 - Using Application install path: C:\ST\STM32CubeIDE_1.15.1\STM32CubeIDE\plugins\com.st.stm32cube.common.mx_6.11.1.202404110753
2025-08-01 11:28:37,006 [INFO] DbMcusXml:78 - Set database path to: C:\ST\STM32CubeIDE_1.15.1\STM32CubeIDE\plugins\com.st.stm32cube.common.mx_6.11.1.202404110753\\db\/mcu/
2025-08-01 11:28:37,006 [INFO] ApiDb:274 - Set plugin database path to: C:\ST\STM32CubeIDE_1.15.1\STM32CubeIDE\plugins\com.st.stm32cube.common.mx_6.11.1.202404110753\\db\/plugins/boardmanager/
2025-08-01 11:28:37,007 [WARN] ApiDb:259 - Overriding images path with different value:  => C:\ST\STM32CubeIDE_1.15.1\STM32CubeIDE\plugins\com.st.stm32cube.common.mx_6.11.1.202404110753\\db\/plugins/mcufinder/images/
2025-08-01 11:28:37,015 [INFO] ApiDb:250 - Set database path to: C:\Users\shoot\.stmcufinder\plugins\mcufinder//mcu/
2025-08-01 11:28:37,016 [INFO] DbMcusAds:125 - Set database path to: C:\Users\shoot\.stmcufinder\plugins\mcufinder//mcu/
2025-08-01 11:28:37,018 [INFO] CrossReferenceDbSqlite:203 - Set database path to: C:\Users\shoot\.stmcufinder\plugins\mcufinder//mcu/cs/
2025-08-01 11:28:37,184 [INFO] RulesReader:64 - Compatibility file has been processed (297 Rules)
2025-08-01 11:28:37,296 [INFO] DbMcusXml:78 - Set database path to: C:\ST\STM32CubeIDE_1.15.1\STM32CubeIDE\plugins\com.st.stm32cube.common.mx_6.11.1.202404110753\\db\/mcu/
2025-08-01 11:28:37,297 [INFO] ApiDb:274 - Set plugin database path to: C:\ST\STM32CubeIDE_1.15.1\STM32CubeIDE\plugins\com.st.stm32cube.common.mx_6.11.1.202404110753\\db\/plugins/boardmanager/
2025-08-01 11:28:37,297 [INFO] ApiDb:261 - Set plugin images path to: C:\ST\STM32CubeIDE_1.15.1\STM32CubeIDE\plugins\com.st.stm32cube.common.mx_6.11.1.202404110753\\db\/plugins/mcufinder/images/
2025-08-01 11:28:37,297 [WARN] DbFile:41 - Overriding database path with different value: C:\Users\shoot\.stmcufinder\plugins\mcufinder/ => C:\Users\shoot\.stmcufinder\plugins\mcufinder
2025-08-01 11:28:37,297 [INFO] ApiDb:250 - Set database path to: C:\Users\shoot\.stmcufinder\plugins\mcufinder//mcu/
2025-08-01 11:28:37,297 [WARN] DbFile:41 - Overriding database path with different value: C:\Users\shoot\.stmcufinder\plugins\mcufinder/ => C:\Users\shoot\.stmcufinder\plugins\mcufinder
2025-08-01 11:28:37,297 [INFO] DbMcusAds:125 - Set database path to: C:\Users\shoot\.stmcufinder\plugins\mcufinder//mcu/
2025-08-01 11:28:37,297 [WARN] DbFile:41 - Overriding database path with different value: C:\Users\shoot\.stmcufinder\plugins\mcufinder/ => C:\Users\shoot\.stmcufinder\plugins\mcufinder
2025-08-01 11:28:37,297 [WARN] DbFile:41 - Overriding database path with different value: C:\Users\shoot\.stmcufinder\plugins\mcufinder/ => C:\Users\shoot\.stmcufinder\plugins\mcufinder
2025-08-01 11:28:37,297 [INFO] CrossReferenceDbSqlite:203 - Set database path to: C:\Users\shoot\.stmcufinder\plugins\mcufinder//mcu/cs/
2025-08-01 11:28:37,384 [INFO] MainPanel:264 - HeapMemory: 268435456
2025-08-01 11:28:37,489 [INFO] DbMcusXml:78 - Set database path to: C:\ST\STM32CubeIDE_1.15.1\STM32CubeIDE\plugins\com.st.stm32cube.common.mx_6.11.1.202404110753\\db\/mcu/
2025-08-01 11:28:37,489 [INFO] ApiDb:274 - Set plugin database path to: C:\ST\STM32CubeIDE_1.15.1\STM32CubeIDE\plugins\com.st.stm32cube.common.mx_6.11.1.202404110753\\db\/plugins/boardmanager/
2025-08-01 11:28:37,489 [INFO] ApiDb:261 - Set plugin images path to: C:\ST\STM32CubeIDE_1.15.1\STM32CubeIDE\plugins\com.st.stm32cube.common.mx_6.11.1.202404110753\\db\/plugins/mcufinder/images/
2025-08-01 11:28:37,491 [WARN] DbFile:41 - Overriding database path with different value: C:\Users\shoot\.stmcufinder\plugins\mcufinder/ => C:\Users\shoot\.stmcufinder\plugins\mcufinder
2025-08-01 11:28:37,491 [INFO] ApiDb:250 - Set database path to: C:\Users\shoot\.stmcufinder\plugins\mcufinder//mcu/
2025-08-01 11:28:37,491 [WARN] DbFile:41 - Overriding database path with different value: C:\Users\shoot\.stmcufinder\plugins\mcufinder/ => C:\Users\shoot\.stmcufinder\plugins\mcufinder
2025-08-01 11:28:37,491 [INFO] DbMcusAds:125 - Set database path to: C:\Users\shoot\.stmcufinder\plugins\mcufinder//mcu/
2025-08-01 11:28:37,491 [WARN] DbFile:41 - Overriding database path with different value: C:\Users\shoot\.stmcufinder\plugins\mcufinder/ => C:\Users\shoot\.stmcufinder\plugins\mcufinder
2025-08-01 11:28:37,491 [WARN] DbFile:41 - Overriding database path with different value: C:\Users\shoot\.stmcufinder\plugins\mcufinder/ => C:\Users\shoot\.stmcufinder\plugins\mcufinder
2025-08-01 11:28:37,491 [INFO] CrossReferenceDbSqlite:203 - Set database path to: C:\Users\shoot\.stmcufinder\plugins\mcufinder//mcu/cs/
2025-08-01 11:28:37,523 [INFO] ApplicationProperties:184 - Using Application install path: C:\ST\STM32CubeIDE_1.15.1\STM32CubeIDE\plugins\com.st.stm32cube.common.mx_6.11.1.202404110753
2025-08-01 11:28:37,533 [INFO] PluginManage:196 - Search for loadable plugins [exclusion list=, ]
2025-08-01 11:28:37,535 [INFO] PluginManage:310 - Check plugin analytics
2025-08-01 11:28:37,754 [INFO] AnalyticsPlugin:253 - Accepted Software Licenses: 
2025-08-01 11:28:37,754 [INFO] AnalyticsPlugin:255 - Accepted CMSIS Pack Licenses: 
2025-08-01 11:28:37,754 [INFO] AnalyticsPlugin:257 - Accepted Firmware Licenses: FW.F7.1.17.0
2025-08-01 11:28:37,756 [INFO] PluginManage:359 - Loaded plugin analytics (category:tool,tabindex:-1)
2025-08-01 11:28:37,757 [INFO] PluginManage:310 - Check plugin cadmodel
2025-08-01 11:28:37,775 [INFO] CADModel:105 - Init CAD model plugin
2025-08-01 11:28:37,775 [INFO] PluginManage:359 - Loaded plugin cadmodel (category:power,tabindex:5)
2025-08-01 11:28:37,775 [INFO] PluginManage:310 - Check plugin clock
2025-08-01 11:28:37,802 [INFO] PluginManage:359 - Loaded plugin clock (category:base,tabindex:2)
2025-08-01 11:28:37,802 [INFO] PluginManage:310 - Check plugin ddr
2025-08-01 11:28:37,806 [INFO] PluginManage:359 - Loaded plugin ddr (category:tool,tabindex:6)
2025-08-01 11:28:37,806 [INFO] PluginManage:310 - Check plugin filemanager
2025-08-01 11:28:37,986 [INFO] PluginManage:359 - Loaded plugin filemanager (category:base,tabindex:10)
2025-08-01 11:28:37,986 [INFO] PluginManage:310 - Check plugin ipmanager
2025-08-01 11:28:37,996 [INFO] PluginManage:359 - Loaded plugin ipmanager (category:base,tabindex:5)
2025-08-01 11:28:37,996 [INFO] PluginManage:310 - Check plugin lpbam
2025-08-01 11:28:38,018 [INFO] PluginManage:359 - Loaded plugin lpbam (category:base,tabindex:0)
2025-08-01 11:28:38,019 [INFO] PluginManage:310 - Check plugin memorymap
2025-08-01 11:28:38,056 [INFO] PluginManage:359 - Loaded plugin memorymap (category:base,tabindex:4)
2025-08-01 11:28:38,056 [INFO] PluginManage:310 - Check plugin pinoutandconfiguration
2025-08-01 11:28:38,079 [INFO] PluginManage:359 - Loaded plugin pinoutandconfiguration (category:base,tabindex:1)
2025-08-01 11:28:38,079 [INFO] PluginManage:310 - Check plugin pinoutconfig
2025-08-01 11:28:38,225 [WARN] SupportedApi:132 - Cannot load RTOS API schema: s4s-elt-must-match.1: The content of 'definitions' must match (annotation?, (simpleType | complexType)?, (unique | key | keyref)*)). A problem was found starting at: attribute.
2025-08-01 11:28:38,397 [INFO] PluginManage:359 - Loaded plugin pinoutconfig (category:base,tabindex:0)
2025-08-01 11:28:38,397 [INFO] PluginManage:310 - Check plugin power
2025-08-01 11:28:38,425 [INFO] PluginManage:359 - Loaded plugin power (category:power,tabindex:4)
2025-08-01 11:28:38,426 [INFO] PluginManage:310 - Check plugin projectmanager
2025-08-01 11:28:38,451 [INFO] PluginManage:359 - Loaded plugin projectmanager (category:projectmanager,tabindex:3)
2025-08-01 11:28:38,451 [INFO] PluginManage:310 - Check plugin thirdparty
2025-08-01 11:28:38,780 [WARN] IntegrityCheckThread:84 - waiting for thirdparty lock release [integrity check]
2025-08-01 11:28:38,780 [INFO] IntegrityCheckThread:86 - entering critical section [integrity check]
2025-08-01 11:28:38,781 [INFO] PluginManage:359 - Loaded plugin thirdparty (category:base,tabindex:-1)
2025-08-01 11:28:38,781 [INFO] PluginManage:310 - Check plugin tools
2025-08-01 11:28:38,781 [INFO] ThirdPartyUpdaterWithRetryManager:70 - Updater plugin not ready yet. [1/15]
2025-08-01 11:28:38,850 [INFO] PluginManage:359 - Loaded plugin tools (category:base,tabindex:7)
2025-08-01 11:28:38,850 [INFO] PluginManage:310 - Check plugin tutovideos
2025-08-01 11:28:39,109 [INFO] PluginManage:359 - Loaded plugin tutovideos (category:base,tabindex:-1)
2025-08-01 11:28:39,109 [INFO] PluginManage:310 - Check plugin updater
2025-08-01 11:28:39,119 [INFO] PluginManage:359 - Loaded plugin updater (category:base,tabindex:12)
2025-08-01 11:28:39,119 [INFO] PluginManage:310 - Check plugin userauth
2025-08-01 11:28:39,126 [INFO] UserAuth:114 - Init User Auth plugin
2025-08-01 11:28:39,126 [INFO] PluginManage:359 - Loaded plugin userauth (category:base,tabindex:14)
2025-08-01 11:28:39,126 [INFO] PluginManage:283 - PluginManage : Loaded plugins [17]
2025-08-01 11:28:39,413 [INFO] PinOutPanel:1561 - setPackage(No Configuration,No Configuration)
2025-08-01 11:28:39,514 [INFO] CADModel:165 - CPN selected for project level
2025-08-01 11:28:39,515 [INFO] CADModel:114 - Register for checkConnection events
2025-08-01 11:28:39,548 [INFO] IPUIPlugin:80 - create IPUIPlugin
2025-08-01 11:28:39,548 [INFO] PluginManager:220 - loadIPPluginJar : add adc
2025-08-01 11:28:39,604 [INFO] IPUIPlugin:80 - create IPUIPlugin
2025-08-01 11:28:39,604 [INFO] PluginManager:220 - loadIPPluginJar : add aes
2025-08-01 11:28:39,669 [INFO] IPUIPlugin:80 - create IPUIPlugin
2025-08-01 11:28:39,669 [INFO] PluginManager:220 - loadIPPluginJar : add can
2025-08-01 11:28:39,710 [INFO] IPUIPlugin:80 - create IPUIPlugin
2025-08-01 11:28:39,710 [INFO] PluginManager:220 - loadIPPluginJar : add comp
2025-08-01 11:28:39,762 [INFO] IPUIPlugin:80 - create IPUIPlugin
2025-08-01 11:28:39,762 [INFO] PluginManager:220 - loadIPPluginJar : add cryp
2025-08-01 11:28:39,813 [INFO] IPUIPlugin:80 - create IPUIPlugin
2025-08-01 11:28:39,813 [INFO] PluginManager:220 - loadIPPluginJar : add dfsdm
2025-08-01 11:28:39,838 [INFO] IPUIPlugin:80 - create IPUIPlugin
2025-08-01 11:28:39,838 [INFO] PluginManager:220 - loadIPPluginJar : add dma
2025-08-01 11:28:39,912 [INFO] IPUIPlugin:80 - create IPUIPlugin
2025-08-01 11:28:39,913 [INFO] PluginManager:220 - loadIPPluginJar : add dma3
2025-08-01 11:28:39,978 [INFO] IPUIPlugin:80 - create IPUIPlugin
2025-08-01 11:28:39,978 [INFO] PluginManager:220 - loadIPPluginJar : add extmemmanager
2025-08-01 11:28:40,013 [INFO] IPUIPlugin:80 - create IPUIPlugin
2025-08-01 11:28:40,013 [INFO] PluginManager:220 - loadIPPluginJar : add fatfs
2025-08-01 11:28:40,089 [INFO] IPUIPlugin:80 - create IPUIPlugin
2025-08-01 11:28:40,089 [INFO] PluginManager:220 - loadIPPluginJar : add fmc
2025-08-01 11:28:40,110 [INFO] IPUIPlugin:80 - create IPUIPlugin
2025-08-01 11:28:40,111 [INFO] PluginManager:220 - loadIPPluginJar : add freertos
2025-08-01 11:28:40,147 [INFO] IPUIPlugin:80 - create IPUIPlugin
2025-08-01 11:28:40,147 [INFO] PluginManager:220 - loadIPPluginJar : add genericplugin
2025-08-01 11:28:40,310 [INFO] IPUIPlugin:80 - create IPUIPlugin
2025-08-01 11:28:40,310 [INFO] PluginManager:220 - loadIPPluginJar : add gfxmmu
2025-08-01 11:28:40,528 [INFO] IPUIPlugin:80 - create IPUIPlugin
2025-08-01 11:28:40,528 [INFO] PluginManager:220 - loadIPPluginJar : add gic
2025-08-01 11:28:40,549 [INFO] IPUIPlugin:80 - create IPUIPlugin
2025-08-01 11:28:40,549 [INFO] PluginManager:220 - loadIPPluginJar : add gpio
2025-08-01 11:28:40,712 [INFO] IPUIPlugin:80 - create IPUIPlugin
2025-08-01 11:28:40,713 [INFO] PluginManager:220 - loadIPPluginJar : add gtzc
2025-08-01 11:28:40,780 [INFO] IPUIPlugin:80 - create IPUIPlugin
2025-08-01 11:28:40,780 [INFO] PluginManager:220 - loadIPPluginJar : add hash
2025-08-01 11:28:40,872 [INFO] IPUIPlugin:80 - create IPUIPlugin
2025-08-01 11:28:40,872 [INFO] PluginManager:220 - loadIPPluginJar : add i2c
2025-08-01 11:28:40,932 [INFO] IPUIPlugin:80 - create IPUIPlugin
2025-08-01 11:28:40,932 [INFO] PluginManager:220 - loadIPPluginJar : add i2s
2025-08-01 11:28:40,993 [INFO] IPUIPlugin:80 - create IPUIPlugin
2025-08-01 11:28:40,993 [INFO] PluginManager:220 - loadIPPluginJar : add i3c
2025-08-01 11:28:41,138 [INFO] IPUIPlugin:80 - create IPUIPlugin
2025-08-01 11:28:41,138 [INFO] PluginManager:220 - loadIPPluginJar : add ipddr
2025-08-01 11:28:41,292 [INFO] IPUIPlugin:80 - create IPUIPlugin
2025-08-01 11:28:41,292 [INFO] PluginManager:220 - loadIPPluginJar : add linkedlist
2025-08-01 11:28:41,347 [INFO] IPUIPlugin:80 - create IPUIPlugin
2025-08-01 11:28:41,347 [INFO] PluginManager:220 - loadIPPluginJar : add lorawan
2025-08-01 11:28:41,404 [INFO] IPUIPlugin:80 - create IPUIPlugin
2025-08-01 11:28:41,404 [INFO] PluginManager:220 - loadIPPluginJar : add ltdc
2025-08-01 11:28:41,424 [INFO] IPUIPlugin:80 - create IPUIPlugin
2025-08-01 11:28:41,424 [INFO] PluginManager:220 - loadIPPluginJar : add mdma
2025-08-01 11:28:41,441 [INFO] IPUIPlugin:80 - create IPUIPlugin
2025-08-01 11:28:41,441 [INFO] PluginManager:220 - loadIPPluginJar : add nvic
2025-08-01 11:28:41,500 [INFO] IPUIPlugin:80 - create IPUIPlugin
2025-08-01 11:28:41,500 [INFO] PluginManager:220 - loadIPPluginJar : add opamp
2025-08-01 11:28:41,598 [INFO] IPUIPlugin:80 - create IPUIPlugin
2025-08-01 11:28:41,598 [INFO] PluginManager:220 - loadIPPluginJar : add openamp
2025-08-01 11:28:41,667 [INFO] IPUIPlugin:80 - create IPUIPlugin
2025-08-01 11:28:41,667 [INFO] PluginManager:220 - loadIPPluginJar : add pdm2pcm
2025-08-01 11:28:41,685 [INFO] IPUIPlugin:80 - create IPUIPlugin
2025-08-01 11:28:41,688 [INFO] PluginManager:220 - loadIPPluginJar : add plateformsettings
2025-08-01 11:28:41,730 [INFO] IPUIPlugin:80 - create IPUIPlugin
2025-08-01 11:28:41,730 [INFO] PluginManager:220 - loadIPPluginJar : add quadspi
2025-08-01 11:28:41,746 [INFO] IPUIPlugin:80 - create IPUIPlugin
2025-08-01 11:28:41,746 [INFO] PluginManager:220 - loadIPPluginJar : add resmgrutility
2025-08-01 11:28:41,783 [INFO] ThirdPartyUpdaterWithRetryManager:70 - Updater plugin not ready yet. [2/15]
2025-08-01 11:28:41,813 [INFO] IPUIPlugin:80 - create IPUIPlugin
2025-08-01 11:28:41,813 [INFO] PluginManager:220 - loadIPPluginJar : add sai
2025-08-01 11:28:41,866 [INFO] IPUIPlugin:80 - create IPUIPlugin
2025-08-01 11:28:41,866 [INFO] PluginManager:220 - loadIPPluginJar : add spi
2025-08-01 11:28:41,952 [INFO] IPUIPlugin:80 - create IPUIPlugin
2025-08-01 11:28:41,954 [INFO] PluginManager:220 - loadIPPluginJar : add stm32_wpan
2025-08-01 11:28:41,983 [INFO] IPUIPlugin:80 - create IPUIPlugin
2025-08-01 11:28:41,983 [INFO] PluginManager:220 - loadIPPluginJar : add tim
2025-08-01 11:28:42,058 [INFO] IPUIPlugin:80 - create IPUIPlugin
2025-08-01 11:28:42,058 [INFO] PluginManager:220 - loadIPPluginJar : add touchsensing
2025-08-01 11:28:42,086 [INFO] IPUIPlugin:80 - create IPUIPlugin
2025-08-01 11:28:42,086 [INFO] PluginManager:220 - loadIPPluginJar : add tracer_emb
2025-08-01 11:28:42,116 [INFO] IPUIPlugin:80 - create IPUIPlugin
2025-08-01 11:28:42,116 [INFO] PluginManager:220 - loadIPPluginJar : add ts
2025-08-01 11:28:42,144 [INFO] IPUIPlugin:80 - create IPUIPlugin
2025-08-01 11:28:42,144 [INFO] PluginManager:220 - loadIPPluginJar : add tsc
2025-08-01 11:28:42,173 [INFO] IPUIPlugin:80 - create IPUIPlugin
2025-08-01 11:28:42,173 [INFO] PluginManager:220 - loadIPPluginJar : add ucpd
2025-08-01 11:28:42,225 [INFO] IPUIPlugin:80 - create IPUIPlugin
2025-08-01 11:28:42,225 [INFO] PluginManager:220 - loadIPPluginJar : add usart
2025-08-01 11:28:42,278 [INFO] IPUIPlugin:80 - create IPUIPlugin
2025-08-01 11:28:42,278 [INFO] PluginManager:220 - loadIPPluginJar : add usbx
2025-08-01 11:28:42,425 [INFO] CADModel:165 - CPN selected for project level
2025-08-01 11:28:42,425 [INFO] CADModel:114 - Register for checkConnection events
2025-08-01 11:28:42,425 [FATAL] Updater:308 - Updater called before beeing initialized
2025-08-01 11:28:42,425 [ERROR] CADModel:125 - Updater not yet initialized, retry later 
2025-08-01 11:28:42,572 [INFO] CADModel:165 - CPN selected for project level
2025-08-01 11:28:42,572 [INFO] CADModel:114 - Register for checkConnection events
2025-08-01 11:28:42,572 [FATAL] Updater:308 - Updater called before beeing initialized
2025-08-01 11:28:42,572 [ERROR] CADModel:125 - Updater not yet initialized, retry later 
2025-08-01 11:28:42,574 [FATAL] Updater:308 - Updater called before beeing initialized
2025-08-01 11:28:42,697 [FATAL] Updater:308 - Updater called before beeing initialized
2025-08-01 11:28:42,716 [INFO] DbMcusAds:53 - JSON generation date=Thu Mar 06 15:54:21 CET 2025 (1741272861825)
2025-08-01 11:28:42,716 [FATAL] Updater:308 - Updater called before beeing initialized
2025-08-01 11:28:42,799 [WARN] DetailPanel:346 - Failed to get advertising image, set to default
2025-08-01 11:28:42,886 [FATAL] Updater:308 - Updater called before beeing initialized
2025-08-01 11:28:42,887 [FATAL] Updater:308 - Updater called before beeing initialized
2025-08-01 11:28:42,887 [FATAL] Updater:308 - Updater called before beeing initialized
2025-08-01 11:28:42,887 [WARN] DetailPanel:346 - Failed to get advertising image, set to default
2025-08-01 11:28:42,889 [FATAL] Updater:308 - Updater called before beeing initialized
2025-08-01 11:28:42,947 [ERROR] Updater:1120 - MainUpdater not yet initialized. External WinMGr cannot be set.
2025-08-01 11:28:42,959 [INFO] Updater:1056 - Updater Version found : 6.11.1
2025-08-01 11:28:42,978 [INFO] ApplicationProperties:184 - Using Application install path: C:\ST\STM32CubeIDE_1.15.1\STM32CubeIDE\plugins\com.st.stm32cube.common.mx_6.11.1.202404110753
2025-08-01 11:28:44,561 [ERROR] LogOutputStream:75 - [STDERR_REDIRECT] Aug 01, 2025 11:28:44 AM java.util.prefs.WindowsPreferences <init>
2025-08-01 11:28:44,563 [ERROR] LogOutputStream:75 - [STDERR_REDIRECT] WARNING: Could not open/create prefs root node Software\JavaSoft\Prefs at root 0xffffffff80000002. Windows RegCreateKeyEx(...) returned error code 5.
2025-08-01 11:28:44,563 [ERROR] LogOutputStream:75 - [STDERR_REDIRECT] 
2025-08-01 11:28:44,784 [INFO] ThirdPartyUpdaterWithRetryManager:70 - Updater plugin not ready yet. [3/15]
2025-08-01 11:28:44,876 [INFO] MainUpdater:2873 - connection check result : 10
2025-08-01 11:28:44,877 [INFO] MainUpdater:290 - Updater Check For Update Now.
2025-08-01 11:28:44,877 [INFO] MicroXplorer:498 - Change Database Version : DB.6.0.111
2025-08-01 11:28:44,899 [INFO] McuFinderGlobals:63 - Set McuFinder mode to 2 (CubeIDE integrated)
2025-08-01 11:28:44,914 [INFO] UserAuth:415 - Internet connection configuration mode: 1
2025-08-01 11:28:44,949 [INFO] JxBrowserEngine:152 - Initiate JxBrowser Engine with user profile folder
2025-08-01 11:28:45,096 [INFO] CheckServerUpdateThread:120 - End of CheckServer Thread
2025-08-01 11:28:48,137 [WARN] PackLoader:240 - Cannot read IP mode file for STMicroelectronics.FP-SNS-MOTENVWB1.1.4.0
2025-08-01 11:28:48,158 [WARN] PackLoader:240 - Cannot read IP mode file for STMicroelectronics.FP-ATR-ASTRA1.2.0.2
2025-08-01 11:28:48,179 [WARN] PackLoader:240 - Cannot read IP mode file for STMicroelectronics.X-CUBE-SMBUS.2.1.0
2025-08-01 11:28:48,211 [WARN] PackLoader:240 - Cannot read IP mode file for STMicroelectronics.X-CUBE-WB05N.1.1.0
2025-08-01 11:28:48,228 [ERROR] Engine:466 - C:\Users\shoot\.stm32cubemx\thirdparties\pdsc\STMicroelectronics.X-CUBE-ST60.1.0.0.pdsc: PDSC version is not supported
2025-08-01 11:28:48,247 [WARN] PackLoader:240 - Cannot read IP mode file for STMicroelectronics.X-CUBE-TOUCHGFX.4.23.2
2025-08-01 11:28:48,293 [WARN] PackLoader:240 - Cannot read IP mode file for STMicroelectronics.X-CUBE-AZRTOS-F7.1.1.0
2025-08-01 11:28:48,377 [WARN] PackLoader:240 - Cannot read IP mode file for STMicroelectronics.X-CUBE-MEMS1.11.0.0
2025-08-01 11:28:48,600 [WARN] PackLoader:240 - Cannot read IP mode file for STMicroelectronics.FP-SNS-FLIGHT1.5.0.2
2025-08-01 11:28:48,655 [WARN] PackLoader:240 - Cannot read IP mode file for STMicroelectronics.X-CUBE-AZRTOS-H7.3.4.0
2025-08-01 11:28:48,683 [WARN] PackLoader:240 - Cannot read IP mode file for STMicroelectronics.X-CUBE-DISPLAY.3.0.0
2025-08-01 11:28:48,703 [WARN] PackLoader:240 - Cannot read IP mode file for STMicroelectronics.X-CUBE-BLE1.7.0.0
2025-08-01 11:28:48,722 [WARN] PackLoader:240 - Cannot read IP mode file for STMicroelectronics.X-CUBE-NFC10.1.0.0
2025-08-01 11:28:48,745 [WARN] PackLoader:240 - Cannot read IP mode file for STMicroelectronics.X-CUBE-BLEMGR.4.0.0
2025-08-01 11:28:48,767 [WARN] PackLoader:240 - Cannot read IP mode file for emotas.I-CUBE-CANOPEN.1.3.0
2025-08-01 11:28:48,783 [WARN] PackLoader:240 - Cannot read IP mode file for STMicroelectronics.X-CUBE-BLEMGR.3.1.0
2025-08-01 11:28:48,800 [WARN] PackLoader:240 - Cannot read IP mode file for STMicroelectronics.X-CUBE-AI.10.0.0
2025-08-01 11:28:48,804 [INFO] WebApp:161 - Instantiating new browser for Auth
2025-08-01 11:28:48,817 [WARN] PackLoader:240 - Cannot read IP mode file for STMicroelectronics.FP-SNS-SMARTAG2.1.2.0
2025-08-01 11:28:48,838 [ERROR] Engine:466 - C:\Users\shoot\.stm32cubemx\thirdparties\pdsc\STMicroelectronics.FP-SNS-FLIGHT1.5.1.0.pdsc: PDSC version is not supported
2025-08-01 11:28:48,911 [WARN] PackLoader:240 - Cannot read IP mode file for STMicroelectronics.X-CUBE-MEMS1.11.1.0
2025-08-01 11:28:49,016 [INFO] LogOutputStream:77 - [STDOUT_REDIRECT] 1 : Invalid condition id : UX_CORESTACK_Condition cause : null
2025-08-01 11:28:49,017 [INFO] LogOutputStream:77 - [STDOUT_REDIRECT] 1 : Invalid condition id : UX_CORESTACK_Condition cause : null
2025-08-01 11:28:49,019 [INFO] LogOutputStream:77 - [STDOUT_REDIRECT] 1 : Invalid condition id : UX_CORESTACK_Condition cause : null
2025-08-01 11:28:49,021 [INFO] LogOutputStream:77 - [STDOUT_REDIRECT] 1 : Invalid condition id : UX_CORESTACK_Condition cause : null
2025-08-01 11:28:49,023 [INFO] LogOutputStream:77 - [STDOUT_REDIRECT] 1 : Invalid condition id : UX_CORESTACK_Condition cause : null
2025-08-01 11:28:49,029 [WARN] PackLoader:240 - Cannot read IP mode file for STMicroelectronics.X-CUBE-AZRTOS-WL.2.0.0
2025-08-01 11:28:49,058 [WARN] PackLoader:240 - Cannot read IP mode file for STMicroelectronics.FP-SNS-MOTENV1.5.0.0
2025-08-01 11:28:49,082 [WARN] PackLoader:240 - Cannot read IP mode file for wolfSSL.I-CUBE-wolfMQTT.1.19.0
2025-08-01 11:28:49,103 [WARN] PackLoader:240 - Cannot read IP mode file for WES.I-CUBE-Cesium.1.3.0
2025-08-01 11:28:49,119 [WARN] PackLoader:240 - Cannot read IP mode file for STMicroelectronics.X-CUBE-BLE2.3.3.0
2025-08-01 11:28:49,136 [WARN] PackLoader:240 - Cannot read IP mode file for STMicroelectronics.X-CUBE-NFC9.1.0.0
2025-08-01 11:28:49,151 [WARN] PackLoader:240 - Cannot read IP mode file for STMicroelectronics.X-CUBE-BLE1.7.1.0
2025-08-01 11:28:49,167 [WARN] PackLoader:240 - Cannot read IP mode file for STMicroelectronics.X-CUBE-TCPP.4.1.0
2025-08-01 11:28:49,185 [WARN] PackLoader:240 - Cannot read IP mode file for STMicroelectronics.X-CUBE-EEPRMA1.5.2.0
2025-08-01 11:28:49,200 [WARN] PackLoader:240 - Cannot read IP mode file for STMicroelectronics.X-CUBE-AI.10.1.0
2025-08-01 11:28:49,217 [WARN] PackLoader:240 - Cannot read IP mode file for STMicroelectronics.X-CUBE-ALGOBUILD.1.3.0
2025-08-01 11:28:49,284 [WARN] PackLoader:240 - Cannot read IP mode file for STMicroelectronics.X-CUBE-MEMS1.11.2.0
2025-08-01 11:28:49,420 [WARN] PackLoader:240 - Cannot read IP mode file for STMicroelectronics.X-CUBE-AZRTOS-G0.1.1.0
2025-08-01 11:28:49,437 [WARN] PackLoader:240 - Cannot read IP mode file for STMicroelectronics.X-CUBE-SAFEA1.1.2.2
2025-08-01 11:28:49,468 [WARN] PackLoader:240 - Cannot read IP mode file for STMicroelectronics.X-CUBE-NFC4.3.0.0
2025-08-01 11:28:49,486 [WARN] PackLoader:240 - Cannot read IP mode file for wolfSSL.I-CUBE-wolfMQTT.1.18.0
2025-08-01 11:28:49,509 [WARN] PackLoader:240 - Cannot read IP mode file for EmbeddedOffice.I-CUBE-FS-RTOS.1.0.1
2025-08-01 11:28:49,509 [ERROR] ConditionMgr:805 - Attr not supported : Dmpu
2025-08-01 11:28:49,511 [ERROR] ConditionMgr:805 - Attr not supported : Dmpu
2025-08-01 11:28:49,511 [ERROR] ConditionMgr:805 - Attr not supported : Dmpu
2025-08-01 11:28:49,511 [ERROR] ConditionMgr:805 - Attr not supported : Dmpu
2025-08-01 11:28:49,511 [ERROR] ConditionMgr:805 - Attr not supported : Dmpu
2025-08-01 11:28:49,511 [ERROR] ConditionMgr:805 - Attr not supported : Dmpu
2025-08-01 11:28:49,511 [ERROR] ConditionMgr:805 - Attr not supported : Dmpu
2025-08-01 11:28:49,511 [ERROR] ConditionMgr:805 - Attr not supported : Dmpu
2025-08-01 11:28:49,511 [ERROR] ConditionMgr:805 - Attr not supported : Dmpu
2025-08-01 11:28:49,511 [ERROR] ConditionMgr:805 - Attr not supported : Dmpu
2025-08-01 11:28:49,511 [ERROR] ConditionMgr:805 - Attr not supported : Dmpu
2025-08-01 11:28:49,512 [ERROR] ConditionMgr:805 - Attr not supported : Dmpu
2025-08-01 11:28:49,512 [ERROR] ConditionMgr:805 - Attr not supported : Dmpu
2025-08-01 11:28:49,512 [ERROR] ConditionMgr:805 - Attr not supported : Dmpu
2025-08-01 11:28:49,512 [ERROR] ConditionMgr:805 - Attr not supported : Dmpu
2025-08-01 11:28:49,512 [ERROR] ConditionMgr:805 - Attr not supported : Dmpu
2025-08-01 11:28:49,512 [ERROR] ConditionMgr:805 - Attr not supported : Dmpu
2025-08-01 11:28:49,512 [ERROR] ConditionMgr:805 - Attr not supported : Dmpu
2025-08-01 11:28:49,512 [ERROR] ConditionMgr:805 - Attr not supported : Dmpu
2025-08-01 11:28:49,512 [ERROR] ConditionMgr:805 - Attr not supported : Dmpu
2025-08-01 11:28:49,512 [ERROR] ConditionMgr:805 - Attr not supported : Dmpu
2025-08-01 11:28:49,512 [ERROR] ConditionMgr:805 - Attr not supported : Dmpu
2025-08-01 11:28:49,512 [ERROR] ConditionMgr:805 - Attr not supported : Dmpu
2025-08-01 11:28:49,513 [ERROR] ConditionMgr:805 - Attr not supported : Dmpu
2025-08-01 11:28:49,513 [ERROR] ConditionMgr:805 - Attr not supported : Dmpu
2025-08-01 11:28:49,513 [ERROR] ConditionMgr:805 - Attr not supported : Dmpu
2025-08-01 11:28:49,513 [ERROR] ConditionMgr:805 - Attr not supported : Dmpu
2025-08-01 11:28:49,513 [ERROR] ConditionMgr:805 - Attr not supported : Dmpu
2025-08-01 11:28:49,513 [ERROR] ConditionMgr:805 - Attr not supported : Dmpu
2025-08-01 11:28:49,513 [ERROR] ConditionMgr:805 - Attr not supported : Dmpu
2025-08-01 11:28:49,513 [ERROR] ConditionMgr:805 - Attr not supported : Dmpu
2025-08-01 11:28:49,513 [ERROR] ConditionMgr:805 - Attr not supported : Dmpu
2025-08-01 11:28:49,513 [ERROR] ConditionMgr:805 - Attr not supported : Dmpu
2025-08-01 11:28:49,513 [ERROR] ConditionMgr:805 - Attr not supported : Dmpu
2025-08-01 11:28:49,513 [ERROR] ConditionMgr:805 - Attr not supported : Dmpu
2025-08-01 11:28:49,513 [ERROR] ConditionMgr:805 - Attr not supported : Dmpu
2025-08-01 11:28:49,513 [ERROR] ConditionMgr:805 - Attr not supported : Dmpu
2025-08-01 11:28:49,513 [ERROR] ConditionMgr:805 - Attr not supported : Dmpu
2025-08-01 11:28:49,513 [ERROR] ConditionMgr:805 - Attr not supported : Dmpu
2025-08-01 11:28:49,514 [ERROR] ConditionMgr:805 - Attr not supported : Dmpu
2025-08-01 11:28:49,514 [ERROR] ConditionMgr:805 - Attr not supported : Dmpu
2025-08-01 11:28:49,514 [ERROR] ConditionMgr:805 - Attr not supported : Dmpu
2025-08-01 11:28:49,514 [ERROR] ConditionMgr:805 - Attr not supported : Dmpu
2025-08-01 11:28:49,514 [ERROR] ConditionMgr:805 - Attr not supported : Dmpu
2025-08-01 11:28:49,514 [ERROR] ConditionMgr:805 - Attr not supported : Dmpu
2025-08-01 11:28:49,514 [ERROR] ConditionMgr:805 - Attr not supported : Dmpu
2025-08-01 11:28:49,514 [ERROR] ConditionMgr:805 - Attr not supported : Dmpu
2025-08-01 11:28:49,514 [ERROR] ConditionMgr:805 - Attr not supported : Dmpu
2025-08-01 11:28:49,514 [ERROR] ConditionMgr:805 - Attr not supported : Dmpu
2025-08-01 11:28:49,514 [ERROR] ConditionMgr:805 - Attr not supported : Dmpu
2025-08-01 11:28:49,514 [ERROR] ConditionMgr:805 - Attr not supported : Dmpu
2025-08-01 11:28:49,514 [ERROR] ConditionMgr:805 - Attr not supported : Dmpu
2025-08-01 11:28:49,514 [ERROR] ConditionMgr:805 - Attr not supported : Dmpu
2025-08-01 11:28:49,514 [ERROR] ConditionMgr:805 - Attr not supported : Dmpu
2025-08-01 11:28:49,514 [ERROR] ConditionMgr:805 - Attr not supported : Dmpu
2025-08-01 11:28:49,514 [ERROR] ConditionMgr:805 - Attr not supported : Dmpu
2025-08-01 11:28:49,515 [ERROR] ConditionMgr:805 - Attr not supported : Dmpu
2025-08-01 11:28:49,515 [ERROR] ConditionMgr:805 - Attr not supported : Dmpu
2025-08-01 11:28:49,515 [ERROR] ConditionMgr:805 - Attr not supported : Dmpu
2025-08-01 11:28:49,515 [ERROR] ConditionMgr:805 - Attr not supported : Dmpu
2025-08-01 11:28:49,515 [ERROR] ConditionMgr:805 - Attr not supported : Dmpu
2025-08-01 11:28:49,515 [ERROR] ConditionMgr:805 - Attr not supported : Dmpu
2025-08-01 11:28:49,515 [ERROR] ConditionMgr:805 - Attr not supported : Dmpu
2025-08-01 11:28:49,515 [ERROR] ConditionMgr:805 - Attr not supported : Dmpu
2025-08-01 11:28:49,533 [WARN] PackLoader:240 - Cannot read IP mode file for STMicroelectronics.X-CUBE-WB05N.2.0.0
2025-08-01 11:28:49,551 [ERROR] Engine:466 - C:\Users\shoot\.stm32cubemx\thirdparties\pdsc\STMicroelectronics.X-CUBE-TCPP.4.2.0.pdsc: PDSC version is not supported
2025-08-01 11:28:49,570 [WARN] PackLoader:240 - Cannot read IP mode file for RealThread.X-CUBE-RT-Thread_Nano.4.1.1
2025-08-01 11:28:49,587 [WARN] PackLoader:240 - Cannot read IP mode file for wolfSSL.I-CUBE-wolfSSL.5.7.0
2025-08-01 11:28:49,602 [WARN] PackLoader:240 - Cannot read IP mode file for STMicroelectronics.FP-ATR-SIGFOX1.3.2.0
2025-08-01 11:28:49,617 [WARN] ConditionMgr:438 - getConditionDescription Invalid condition id : Cortex-A Device cause : null
2025-08-01 11:28:49,641 [WARN] ConditionMgr:1039 - genDependencies : Invalid condition id : Cortex-A Device cause : null
2025-08-01 11:28:49,642 [WARN] ConditionMgr:1039 - genDependencies : Invalid condition id : Cortex-A Device cause : null
2025-08-01 11:28:49,642 [WARN] ConditionMgr:1039 - genDependencies : Invalid condition id : Cortex-A Device cause : null
2025-08-01 11:28:49,658 [WARN] PackLoader:240 - Cannot read IP mode file for STMicroelectronics.X-CUBE-EEPRMA1.5.1.0
2025-08-01 11:28:49,675 [WARN] PackLoader:240 - Cannot read IP mode file for ITTIA_DB.I-CUBE-ITTIADB.8.9.0
2025-08-01 11:28:49,690 [ERROR] Engine:466 - C:\Users\shoot\.stm32cubemx\thirdparties\pdsc\STMicroelectronics.X-CUBE-ST67W61.1.0.0.pdsc: PDSC version is not supported
2025-08-01 11:28:49,695 [INFO] WebApp:779 - Register for checkConnection events
2025-08-01 11:28:49,695 [INFO] WebApp:414 - Apply proxy settings
2025-08-01 11:28:49,695 [INFO] WebApp:499 - Chromium requires no authentication
2025-08-01 11:28:49,706 [INFO] WebApp:442 - Direct internet connection detected
2025-08-01 11:28:49,725 [WARN] PackLoader:240 - Cannot read IP mode file for SEGGER.I-CUBE-embOS.1.3.1
2025-08-01 11:28:49,771 [WARN] PackLoader:240 - Cannot read IP mode file for STMicroelectronics.X-CUBE-ALGOBUILD.1.4.0
2025-08-01 11:28:49,826 [WARN] PackLoader:240 - Cannot read IP mode file for STMicroelectronics.X-CUBE-MEMS1.11.3.0
2025-08-01 11:28:49,935 [WARN] PackLoader:240 - Cannot read IP mode file for STMicroelectronics.X-CUBE-AI.9.1.0
2025-08-01 11:28:49,948 [WARN] PackLoader:240 - Cannot read IP mode file for STMicroelectronics.X-CUBE-PM33A1.1.0.0
2025-08-01 11:28:49,964 [WARN] PackLoader:240 - Cannot read IP mode file for STMicroelectronics.X-CUBE-GNSS1.6.0.0
2025-08-01 11:28:49,982 [INFO] WebApp:192 - Starting web application
2025-08-01 11:28:49,983 [INFO] WebApp:544 - Web application path used C:\ST\STM32CubeIDE_1.15.1\STM32CubeIDE\plugins\com.st.stm32cube.common.mx_6.11.1.202404110753\db\plugins\mcufinder\reactClient1\index.html
2025-08-01 11:28:49,995 [WARN] PackLoader:240 - Cannot read IP mode file for STMicroelectronics.X-CUBE-AZRTOS-F4.1.1.0
2025-08-01 11:28:50,009 [ERROR] Engine:466 - C:\Users\shoot\.stm32cubemx\thirdparties\pdsc\Avnet-IotConnect.X-CUBE-IoTC-DA16k-PMOD.1.0.0.pdsc: PDSC version is not supported
2025-08-01 11:28:50,026 [WARN] PackLoader:240 - Cannot read IP mode file for STMicroelectronics.X-CUBE-ISPU.2.1.0
2025-08-01 11:28:50,043 [WARN] PackLoader:240 - Cannot read IP mode file for STMicroelectronics.X-CUBE-FREERTOS.1.2.0
2025-08-01 11:28:50,058 [WARN] PackLoader:240 - Cannot read IP mode file for STMicroelectronics.X-CUBE-NFC12.1.0.0
2025-08-01 11:28:50,089 [WARN] PackLoader:240 - Cannot read IP mode file for STMicroelectronics.X-CUBE-AZRTOS-L5.2.0.0
2025-08-01 11:28:50,109 [WARN] PackLoader:240 - Cannot read IP mode file for STMicroelectronics.X-CUBE-NFC6.3.1.0
2025-08-01 11:28:50,128 [WARN] PackLoader:240 - Cannot read IP mode file for STMicroelectronics.X-CUBE-DPower.1.2.0
2025-08-01 11:28:50,145 [WARN] PackLoader:240 - Cannot read IP mode file for STMicroelectronics.X-CUBE-AI.9.0.0
2025-08-01 11:28:50,162 [WARN] PackLoader:240 - Cannot read IP mode file for STMicroelectronics.X-CUBE-FREERTOS.1.3.1
2025-08-01 11:28:50,185 [WARN] PackLoader:240 - Cannot read IP mode file for STMicroelectronics.X-CUBE-FREERTOS.1.3.0
2025-08-01 11:28:50,204 [WARN] PackLoader:240 - Cannot read IP mode file for STMicroelectronics.X-CUBE-NFC7.1.0.1
2025-08-01 11:28:50,222 [WARN] PackLoader:240 - Cannot read IP mode file for wolfSSL.I-CUBE-wolfTPM.3.2.0
2025-08-01 11:28:50,236 [ERROR] Engine:466 - C:\Users\shoot\.stm32cubemx\thirdparties\pdsc\STMicroelectronics.FP-SNS-STAIOTCFT.1.0.0.pdsc: PDSC version is not supported
2025-08-01 11:28:50,255 [WARN] PackLoader:240 - Cannot read IP mode file for STMicroelectronics.X-CUBE-DPower.1.3.0
2025-08-01 11:28:50,288 [WARN] ConditionMgr:438 - getConditionDescription Invalid condition id : LAN8742 Phy interface Condition cause : null
2025-08-01 11:28:50,288 [WARN] PackLoader:240 - Cannot read IP mode file for STMicroelectronics.X-CUBE-AZRTOS-L4.2.0.0
2025-08-01 11:28:50,290 [WARN] ConditionMgr:1039 - genDependencies : Invalid condition id : LAN8742 Phy interface Condition cause : null
2025-08-01 11:28:50,290 [WARN] ConditionMgr:1039 - genDependencies : Invalid condition id : LAN8742 Phy interface Condition cause : null
2025-08-01 11:28:50,290 [WARN] ConditionMgr:1039 - genDependencies : Invalid condition id : LAN8742 Phy interface Condition cause : null
2025-08-01 11:28:50,309 [WARN] PackLoader:240 - Cannot read IP mode file for STMicroelectronics.X-CUBE-SFXS2LP1.4.0.0
2025-08-01 11:28:50,345 [WARN] PackLoader:240 - Cannot read IP mode file for STMicroelectronics.X-CUBE-AZRTOS-H7.3.3.0
2025-08-01 11:28:50,367 [ERROR] Engine:466 - C:\Users\shoot\.stm32cubemx\thirdparties\pdsc\STMicroelectronics.X-CUBE-BLEMGR.4.1.0.pdsc: PDSC version is not supported
2025-08-01 11:28:50,397 [WARN] PackLoader:240 - Cannot read IP mode file for STMicroelectronics.X-CUBE-IPS.3.0.0
2025-08-01 11:28:50,435 [WARN] ConditionMgr:438 - getConditionDescription Invalid condition id : UX DEVICE CLASS RTOS Condition cause : null
2025-08-01 11:28:50,435 [WARN] ConditionMgr:438 - getConditionDescription Invalid condition id : UX DEVICE CLASS RTOS Condition cause : null
2025-08-01 11:28:50,438 [WARN] PackLoader:240 - Cannot read IP mode file for STMicroelectronics.X-CUBE-AZRTOS-WB.2.0.0
2025-08-01 11:28:50,438 [WARN] ConditionMgr:1039 - genDependencies : Invalid condition id : UX DEVICE CLASS RTOS Condition cause : null
2025-08-01 11:28:50,438 [WARN] ConditionMgr:1039 - genDependencies : Invalid condition id : UX DEVICE CLASS RTOS Condition cause : null
2025-08-01 11:28:50,439 [WARN] ConditionMgr:1039 - genDependencies : Invalid condition id : UX DEVICE CLASS RTOS Condition cause : null
2025-08-01 11:28:50,439 [WARN] ConditionMgr:1039 - genDependencies : Invalid condition id : UX DEVICE CLASS RTOS Condition cause : null
2025-08-01 11:28:50,439 [WARN] ConditionMgr:1039 - genDependencies : Invalid condition id : UX DEVICE CLASS RTOS Condition cause : null
2025-08-01 11:28:50,463 [WARN] PackLoader:240 - Cannot read IP mode file for STMicroelectronics.X-CUBE-GNSS1.7.0.0
2025-08-01 11:28:50,480 [WARN] PackLoader:240 - Cannot read IP mode file for STMicroelectronics.X-CUBE-GNSS1.7.0.1
2025-08-01 11:28:50,496 [WARN] PackLoader:240 - Cannot read IP mode file for STMicroelectronics.X-CUBE-TOUCHGFX.4.25.0
2025-08-01 11:28:50,513 [WARN] PackLoader:240 - Cannot read IP mode file for STMicroelectronics.FP-SNS-STBOX1.2.0.0
2025-08-01 11:28:50,535 [WARN] PackLoader:240 - Cannot read IP mode file for STMicroelectronics.X-CUBE-SUBG2.5.0.0
2025-08-01 11:28:50,581 [WARN] PackLoader:240 - Cannot read IP mode file for STMicroelectronics.X-CUBE-AZRTOS-H7RS.1.1.0
2025-08-01 11:28:50,599 [WARN] PackLoader:240 - Cannot read IP mode file for Cesanta.I-CUBE-Mongoose.7.13.0
2025-08-01 11:28:50,629 [WARN] PackLoader:240 - Cannot read IP mode file for STMicroelectronics.X-CUBE-AZRTOS-G4.2.0.0
2025-08-01 11:28:50,648 [WARN] PackLoader:240 - Cannot read IP mode file for STMicroelectronics.X-CUBE-NFC7.2.0.0
2025-08-01 11:28:50,665 [WARN] PackLoader:240 - Cannot read IP mode file for STMicroelectronics.X-CUBE-ISPU.2.0.0
2025-08-01 11:28:50,686 [ERROR] Engine:466 - C:\Users\shoot\.stm32cubemx\thirdparties\pdsc\STMicroelectronics.X-CUBE-IPS.3.1.0.pdsc: PDSC version is not supported
2025-08-01 11:28:50,703 [WARN] PackLoader:240 - Cannot read IP mode file for STMicroelectronics.X-CUBE-ALS.1.0.2
2025-08-01 11:28:50,746 [WARN] PackLoader:240 - Cannot read IP mode file for STMicroelectronics.X-CUBE-MEMS1.10.0.0
2025-08-01 11:28:50,829 [WARN] PackLoader:240 - Cannot read IP mode file for STMicroelectronics.X-CUBE-TOUCHGFX.4.24.0
2025-08-01 11:28:50,841 [WARN] PackLoader:240 - Cannot read IP mode file for STMicroelectronics.X-CUBE-TOUCHGFX.4.24.2
2025-08-01 11:28:50,854 [WARN] PackLoader:240 - Cannot read IP mode file for STMicroelectronics.X-CUBE-TOUCHGFX.4.24.1
2025-08-01 11:28:50,871 [WARN] PackLoader:240 - Cannot read IP mode file for portGmbH.I-Cube-SoM-uGOAL.1.1.0
2025-08-01 11:28:50,883 [WARN] PackLoader:240 - Cannot read IP mode file for STMicroelectronics.X-CUBE-ALS.1.0.1
2025-08-01 11:28:50,913 [WARN] PackLoader:240 - Cannot read IP mode file for STMicroelectronics.X-CUBE-AZRTOS-H7RS.1.0.0
2025-08-01 11:28:50,930 [WARN] PackLoader:240 - Cannot read IP mode file for STMicroelectronics.FP-ATR-ASTRA1.2.0.0
2025-08-01 11:28:50,951 [WARN] PackLoader:240 - Cannot read IP mode file for STMicroelectronics.X-CUBE-TOF1.3.4.2
2025-08-01 11:28:50,975 [ERROR] Engine:466 - C:\Users\shoot\.stm32cubemx\thirdparties\pdsc\STMicroelectronics.X-CUBE-TOF1.3.4.3.pdsc: PDSC version is not supported
2025-08-01 11:28:50,995 [WARN] PackLoader:240 - Cannot read IP mode file for STMicroelectronics.X-CUBE-TOF1.3.4.1
2025-08-01 11:28:51,029 [WARN] PackLoader:240 - Cannot read IP mode file for STMicroelectronics.X-CUBE-AZRTOS-H7.3.2.0
2025-08-01 11:28:51,054 [WARN] PackLoader:240 - Cannot read IP mode file for Infineon.AIROC-Wi-Fi-Bluetooth-STM32.1.6.0
2025-08-01 11:28:51,070 [WARN] PackLoader:240 - Cannot read IP mode file for wolfSSL.I-CUBE-wolfSSH.1.4.17
2025-08-01 11:28:51,070 [INFO] ThirdParty:978 - Integrity check success = true
2025-08-01 11:28:51,070 [INFO] IntegrityCheckThread:100 - exiting critical section [integrity check]
2025-08-01 11:28:51,070 [INFO] IntegrityCheckThread:103 - End integrity checks thread
2025-08-01 12:59:52,442 [INFO] McuFinderGlobals:63 - Set McuFinder mode to 2 (CubeIDE integrated)
2025-08-01 12:59:56,546 [INFO] MainUpdater:2873 - connection check result : 10
2025-08-01 12:59:56,557 [INFO] MainUpdater:2873 - connection check result : 10
2025-08-01 12:59:56,812 [INFO] MicroXplorer:468 - Change Database Path : 
2025-08-01 12:59:56,813 [INFO] MicroXplorer:498 - Change Database Version : DB.6.0.111
2025-08-01 12:59:56,820 [WARN] ThirdParty:871 - waiting for thirdparty lock release [close project]
2025-08-01 12:59:56,820 [INFO] ThirdParty:873 - entering critical section [close project]
2025-08-01 12:59:56,822 [INFO] ThirdParty:883 - exiting critical section [close project]
2025-08-01 12:59:56,825 [INFO] PinOutPanel:1561 - setPackage(No Configuration,No Configuration)
2025-08-01 12:59:56,829 [INFO] UtilMem:75 - Begin LoadConfig() Used Memory: 871231872 Bytes (1073741824)
2025-08-01 12:59:56,843 [INFO] MicroXplorer:468 - Change Database Path : C:/Users/shoot/.stm32cubemx/databases/DB.6.0.100/db/
2025-08-01 12:59:56,843 [INFO] MicroXplorer:498 - Change Database Version : DB.6.0.100
2025-08-01 13:51:04,185 [INFO] MainUpdater:2873 - connection check result : 10
2025-08-01 13:51:04,186 [INFO] MainUpdater:2873 - connection check result : 10
2025-08-01 13:51:04,225 [INFO] MicroXplorer:468 - Change Database Path : 
2025-08-01 13:51:04,225 [INFO] MicroXplorer:498 - Change Database Version : DB.6.0.111
2025-08-01 13:51:04,226 [WARN] ThirdParty:871 - waiting for thirdparty lock release [close project]
2025-08-01 13:51:04,226 [INFO] ThirdParty:873 - entering critical section [close project]
2025-08-01 13:51:04,226 [INFO] ThirdParty:883 - exiting critical section [close project]
2025-08-01 13:51:04,227 [INFO] PinOutPanel:1561 - setPackage(No Configuration,No Configuration)
2025-08-01 13:51:04,228 [INFO] UtilMem:75 - Begin LoadConfig() Used Memory: 813630776 Bytes (1073741824)
2025-08-01 13:51:04,236 [INFO] MicroXplorer:468 - Change Database Path : C:/Users/shoot/.stm32cubemx/databases/DB.6.0.100/db/
2025-08-01 13:51:04,237 [INFO] MicroXplorer:498 - Change Database Version : DB.6.0.100
2025-08-01 13:51:06,456 [INFO] OpenFileManager:312 - Change cursor
2025-08-01 13:51:06,523 [INFO] Mcu:2021 - Initializing MCU STM32F205R(B-C-E-F-G)Tx STM32F205RBTx STM32F205RBT6
2025-08-01 13:51:08,896 [INFO] Context:663 - Trying to add GPIOservice into a context  which must be forbidden
2025-08-01 13:51:09,664 [INFO] RtosManager:555 - Registered RTOS mode: class=CMSIS, group=RTOS, mode=CMSIS_V1, owner=FREERTOS
2025-08-01 13:51:09,664 [INFO] RtosManager:555 - Registered RTOS mode: class=CMSIS, group=RTOS2, mode=CMSIS_V2, owner=FREERTOS
2025-08-01 13:51:09,664 [INFO] RtosManager:555 - Registered RTOS mode: class=RTOS, group=Core, mode=CMSIS_V1, owner=FREERTOS
2025-08-01 13:51:09,664 [INFO] RtosManager:555 - Registered RTOS mode: class=RTOS, group=Core, mode=CMSIS_V2, owner=FREERTOS
2025-08-01 13:51:09,664 [WARN] ModelIntegratedComponent:184 - Missing modes for component STMicroelectronics:FreeRTOS:0.0.1:STMicroelectronics:RTOS:FreeRTOS:Core:::10.2.0:
2025-08-01 13:51:09,673 [WARN] ModelIntegratedComponent:63 - No mode defined for component null
2025-08-01 13:51:09,674 [WARN] ModelIntegratedComponent:63 - No mode defined for component null
2025-08-01 13:51:09,674 [WARN] ModelIntegratedComponent:63 - No mode defined for component null
2025-08-01 13:51:09,674 [WARN] ModelIntegratedComponent:63 - No mode defined for component null
2025-08-01 13:51:09,674 [WARN] ModelIntegratedComponent:63 - No mode defined for component null
2025-08-01 13:51:09,674 [WARN] ModelIntegratedComponent:63 - No mode defined for component null
2025-08-01 13:51:09,674 [WARN] ModelIntegratedComponent:63 - No mode defined for component null
2025-08-01 13:51:09,674 [WARN] ModelIntegratedComponent:63 - No mode defined for component null
2025-08-01 13:51:09,674 [WARN] ModelIntegratedComponent:63 - No mode defined for component null
2025-08-01 13:51:09,674 [WARN] ModelIntegratedComponent:63 - No mode defined for component null
2025-08-01 13:51:09,674 [WARN] ModelIntegratedComponent:63 - No mode defined for component null
2025-08-01 13:51:09,674 [WARN] ModelIntegratedComponent:63 - No mode defined for component null
2025-08-01 13:51:09,674 [WARN] ModelIntegratedComponent:63 - No mode defined for component null
2025-08-01 13:51:09,674 [WARN] ModelIntegratedComponent:63 - No mode defined for component null
2025-08-01 13:51:09,674 [WARN] ModelIntegratedComponent:63 - No mode defined for component null
2025-08-01 13:51:09,674 [WARN] ModelIntegratedComponent:63 - No mode defined for component null
2025-08-01 13:51:09,674 [WARN] ModelIntegratedComponent:63 - No mode defined for component null
2025-08-01 13:51:09,674 [WARN] ModelIntegratedComponent:63 - No mode defined for component null
2025-08-01 13:51:09,675 [WARN] ModelIntegratedComponent:63 - No mode defined for component null
2025-08-01 13:51:09,675 [WARN] ModelIntegratedComponent:63 - No mode defined for component null
2025-08-01 13:51:09,675 [WARN] ModelIntegratedComponent:63 - No mode defined for component null
2025-08-01 13:51:09,675 [WARN] ModelIntegratedComponent:63 - No mode defined for component null
2025-08-01 13:51:09,675 [WARN] ModelIntegratedComponent:63 - No mode defined for component null
2025-08-01 13:51:09,675 [WARN] ModelIntegratedComponent:63 - No mode defined for component null
2025-08-01 13:51:09,675 [WARN] ModelIntegratedComponent:63 - No mode defined for component null
2025-08-01 13:51:09,675 [WARN] ModelIntegratedComponent:63 - No mode defined for component null
2025-08-01 13:51:09,675 [WARN] ModelIntegratedComponent:63 - No mode defined for component null
2025-08-01 13:51:09,675 [WARN] ModelIntegratedComponent:63 - No mode defined for component null
2025-08-01 13:51:09,675 [WARN] ModelIntegratedComponent:63 - No mode defined for component null
2025-08-01 13:51:09,675 [WARN] ModelIntegratedComponent:63 - No mode defined for component null
2025-08-01 13:51:09,675 [WARN] ModelIntegratedComponent:63 - No mode defined for component null
2025-08-01 13:51:09,675 [WARN] ModelIntegratedComponent:63 - No mode defined for component null
2025-08-01 13:51:09,675 [WARN] ModelIntegratedComponent:63 - No mode defined for component null
2025-08-01 13:51:09,675 [WARN] ModelIntegratedComponent:63 - No mode defined for component null
2025-08-01 13:51:10,053 [INFO] ThirdPartyModel:298 - Start build external matchings
2025-08-01 13:51:12,012 [INFO] ThirdPartyModel:316 - End build external matchings
2025-08-01 13:51:12,055 [INFO] ImportTextPane:194 - (OptionalMessage_ERROR) IP (RCC) : Invalid parameter (FamilyName)
2025-08-01 13:51:12,056 [INFO] ImportTextPane:194 - (OptionalMessage_ERROR) IP (RCC) : Parameter (RTCHSEDivFreq_Value) has invalid value (12500000)
2025-08-01 13:51:12,061 [WARN] IP:2120 - DEVICE_SERIAL0_CDC_FS not found: check if there is a RefParameter without a condition.
2025-08-01 13:51:12,061 [WARN] IP:2120 - DEVICE_SERIAL1_CDC_FS not found: check if there is a RefParameter without a condition.
2025-08-01 13:51:12,061 [WARN] IP:2120 - DEVICE_SERIAL2_CDC_FS not found: check if there is a RefParameter without a condition.
2025-08-01 13:51:12,063 [WARN] IP:2120 - lpm_enable not found: check if there is a RefParameter without a condition.
2025-08-01 13:51:12,661 [INFO] ApiDb:581 - Connected to CubeFinder SQLite database (C:\Users\shoot\.stmcufinder\plugins\mcufinder\mcu\cube-finder-db.db)
2025-08-01 13:51:12,805 [INFO] ApiDb:668 - CubeFinder database Data Model version=2.1
2025-08-01 13:51:12,805 [INFO] ApiDb:669 - CubeFinder database Configuration version=3.0.39
2025-08-01 13:51:12,806 [INFO] ApiDb:670 - CubeFinder database generation date=2025-03-24 (1742811287)
2025-08-01 13:51:12,806 [INFO] ApiDb:671 - CubeFinder database FW Pack versions=[FP-ATR-ASTRA1_V2.0.0, FP-SNS-FLIGHT1_V5.0.2, FP-SNS-MOTENV1_V5.0.0, FP-SNS-MOTENVWB1_V1.4.0, FP-SNS-SMARTAG2_V1.2.0, FP-SNS-STBOX1_V2.0.0, STM32Cube_FW_C0_V1.4.0, STM32Cube_FW_F4_V1.28.1, STM32Cube_FW_F7_V1.17.2, STM32Cube_FW_G0_V1.6.2, STM32Cube_FW_G4_V1.6.1, STM32Cube_FW_H5_V1.5.0, STM32Cube_FW_H7RS_V1.2.0, STM32Cube_FW_H7_V1.12.1, STM32Cube_FW_L0_V1.12.2, STM32Cube_FW_L4_V1.18.1, STM32Cube_FW_L5_V1.5.1, STM32Cube_FW_N6_V1.1.0, STM32Cube_FW_U0_V1.2.0, STM32Cube_FW_U3_V1.1.0, STM32Cube_FW_U5_V1.7.0, STM32Cube_FW_WB0_V1.2.0, STM32Cube_FW_WBA_V1.6.0, STM32Cube_FW_WB_V1.22.0, STM32Cube_FW_WL3_V1.1.0, STM32Cube_FW_WL_V1.3.1, X-CUBE-ALGOBUILD_V1.4.0, X-CUBE-ALS_V1.0.2, X-CUBE-AZRTOS-F4_V1.1.0, X-CUBE-AZRTOS-F7_V1.1.0, X-CUBE-AZRTOS-G0_V1.1.0, X-CUBE-AZRTOS-G4_V2.0.0, X-CUBE-AZRTOS-H7RS_V1.0.0, X-CUBE-AZRTOS-H7_V3.3.0, X-CUBE-AZRTOS-L4_V2.0.0, X-CUBE-AZRTOS-L5_V2.0.0, X-CUBE-AZRTOS-WB_V2.0.0, X-CUBE-AZRTOS-WL_V2.0.0, X-CUBE-BLE1_V7.1.0, X-CUBE-BLE2_V3.3.0, X-CUBE-BLEMGR_V4.0.0, X-CUBE-EEPRMA1_V5.1.0, X-CUBE-FREERTOS_V1.3.0, X-CUBE-GNSS1_V6.0.0, X-CUBE-MEMS1_V11.1.0, X-CUBE-NFC4_V3.0.0, X-CUBE-NFC7_V1.0.1, X-CUBE-SFXS2LP1_V4.0.0, X-CUBE-SUBG2_V5.0.0, X-CUBE-TOF1_V3.4.2]
2025-08-01 13:51:12,977 [INFO] DbBoardsSqlite:226 - include board P-NUCLEO-WB55-NUCLEO as a kit item of type 'Nucleo-64'
2025-08-01 13:51:12,977 [INFO] DbBoardsSqlite:226 - include board P-NUCLEO-WB55-USBDONGLE as a kit item of type 'Nucleo USB Dongle'
2025-08-01 13:51:12,978 [INFO] DbBoardsSqlite:226 - include board STEVAL-IDP005V1 as a kit item of type 'Evaluation Board'
2025-08-01 13:51:12,978 [INFO] DbBoardsSqlite:226 - include board STEVAL-IDP005V2 as a kit item of type 'Evaluation Board'
2025-08-01 13:51:13,575 [INFO] ApiDb:240 - Found 483 in-development CPN: [B-G473E-ZEST1S, B-WB1M-WPAN1, B-WL5M-SUBG1, NUCLEO-C031C6, NUCLEO-H503RB, NUCLEO-H533RE, NUCLEO-H563ZI, NUCLEO-H7S3L8, NUCLEO-U031R8, NUCLEO-U083RC, NUCLEO-U545RE-Q, NUCLEO-U5A5ZJ-Q, NUCLEO-WBA52CG, NUCLEO-WBA55CG, STEVAL-PROTEUS1, STEVAL-SMARTAG2, STEVAL-STWINBX1, STM320518-EVAL, STM32C0116-DK, STM32C011D6Y3TR, STM32C011D6Y6TR, STM32C011F4P3, STM32C011F4P6, STM32C011F4U3, STM32C011F4U6TR, STM32C011F6P3, STM32C011F6P6, STM32C011F6U3, STM32C011F6U6TR, STM32C011J4M3, STM32C011J4M6, STM32C011J6M3, STM32C011J6M6, STM32C0316-DK, STM32C031C4T3, STM32C031C4T6, STM32C031C4U3, STM32C031C4U6, STM32C031C6T3, STM32C031C6T6, STM32C031C6U3, STM32C031C6U6, STM32C031F4P3, STM32C031F4P6, STM32C031F6P3, STM32C031F6P6, STM32C031G4U3, STM32C031G4U6, STM32C031G6U3, STM32C031G6U6, STM32C031K4T3, STM32C031K4T6, STM32C031K4U3, STM32C031K4U6, STM32C031K6T3, STM32C031K6T6, STM32C031K6U3, STM32C031K6U6, STM32G071K8TXN, STM32G071K8UXN, STM32G081GBU6N, STM32G081KBT6N, STM32G081KBUXN, STM32G0B1CCT6N, STM32G0B1KCT6, STM32G0B1NEY6TR, STM32G0B1RCT6N, STM32G0C1CCT6, STM32G0C1CCT6N, STM32G0C1CCU6N, STM32G0C1CET6N, STM32G0C1CEU6N, STM32G0C1KCT6, STM32G0C1NEY6TR, STM32G0C1RCI6N, STM32G0C1RCT6N, STM32G0C1REI6N, STM32G0C1RET6N, STM32G0C1VCI6, STM32G0C1VEI6, STM32G471CCT6, STM32G471CCU6, STM32G471CET3, STM32G471CET6, STM32G471CEU3, STM32G471CEU6, STM32G471MCT6, STM32G471MET3, STM32G471MET6, STM32G471MEY6TR, STM32G471QCT6, STM32G471QET3, STM32G471RCT6, STM32G471RET3, STM32G471RET6, STM32G471VCH6, STM32G471VCI6, STM32G471VCT6, STM32G471VEH3, STM32G471VEH6, STM32G471VEI3, STM32G471VEI6, STM32G471VET3, STM32G471VET6, STM32G474CCT6, STM32H503CBT6, STM32H503CBU6, STM32H503EBY6TR, STM32H503KBU6, STM32H503RBT6, STM32H523CCT6, STM32H523CCU6, STM32H523CET6, STM32H523CEU6, STM32H523HEY6TR, STM32H523RCT6, STM32H523RET6, STM32H523VCI6, STM32H523VCT6, STM32H523VEI6, STM32H523VET6, STM32H523ZCJ6, STM32H523ZCT6, STM32H523ZEJ6, STM32H523ZET6, STM32H533CET6, STM32H533CEU6, STM32H533HEY6TR, STM32H533RET6, STM32H533VEI6, STM32H533VET6, STM32H533ZEJ6, STM32H533ZET6, STM32H562AGI6, STM32H562AII6, STM32H562IGK6, STM32H562IGT6, STM32H562IIK6, STM32H562IIT6, STM32H562RGT6, STM32H562RGV6, STM32H562RIT6, STM32H562RIV6, STM32H562VGT6, STM32H562VIT6, STM32H562ZGT6, STM32H562ZIT6, STM32H563AGI6, STM32H563AII3Q, STM32H563AII6, STM32H563IGK6, STM32H563IGT6, STM32H563IIK3Q, STM32H563IIK6, STM32H563IIT3Q, STM32H563IIT6, STM32H563MIY3QTR, STM32H563RGT6, STM32H563RGV6, STM32H563RIT6, STM32H563RIV6, STM32H563VGT6, STM32H563VIT3Q, STM32H563VIT6, STM32H563ZGT6, STM32H563ZIT3Q, STM32H563ZIT6, STM32H573AII3Q, STM32H573AII6, STM32H573I-DK, STM32H573IIK3Q, STM32H573IIK6, STM32H573IIT3Q, STM32H573IIT6, STM32H573MIY3QTR, STM32H573RIT6, STM32H573RIV6, STM32H573VIT3Q, STM32H573VIT6, STM32H573ZIT3Q, STM32H573ZIT6, STM32H7R3A8I6, STM32H7R3I8K6, STM32H7R3I8T6, STM32H7R3L8H6, STM32H7R3L8H6H, STM32H7R3R8V6, STM32H7R3V8H6, STM32H7R3V8T6, STM32H7R3V8Y6, STM32H7R3Z8J6, STM32H7R3Z8T6, STM32H7R7A8I6, STM32H7R7I8K6, STM32H7R7I8T6, STM32H7R7L8H6, STM32H7R7L8H6H, STM32H7R7Z8J6, STM32H7S3A8I6, STM32H7S3I8K6, STM32H7S3I8T6, STM32H7S3L8H6, STM32H7S3L8H6H, STM32H7S3R8V6, STM32H7S3V8H6, STM32H7S3V8T6, STM32H7S3V8Y6, STM32H7S3Z8J6, STM32H7S3Z8T6, STM32H7S78-DK, STM32H7S7A8I6, STM32H7S7I8K6, STM32H7S7I8T6, STM32H7S7L8H6, STM32H7S7L8H6H, STM32H7S7Z8J6, STM32L4R5QGI6STR, STM32MP131AAE3, STM32MP131AAF3, STM32MP131AAG3, STM32MP131CAE3, STM32MP131CAF3, STM32MP131CAG3, STM32MP131DAE7, STM32MP131DAF7, STM32MP131DAG7, STM32MP131FAE7, STM32MP131FAF7, STM32MP131FAG7, STM32MP133AAE3, STM32MP133AAF3, STM32MP133AAG3, STM32MP133CAE3, STM32MP133CAF3, STM32MP133CAG3, STM32MP133DAE7, STM32MP133DAF7, STM32MP133DAG7, STM32MP133FAE7, STM32MP133FAF7, STM32MP133FAG7, STM32MP135AAE3, STM32MP135AAF3, STM32MP135AAG3, STM32MP135CAE3, STM32MP135CAF3, STM32MP135CAG3, STM32MP135DAE7, STM32MP135DAF7, STM32MP135DAG7, STM32MP135F-DK, STM32MP135FAE7, STM32MP135FAF7, STM32MP135FAF7T, STM32MP135FAF7U, STM32MP135FAG7, STM32U031C6T6, STM32U031C6U6, STM32U031C8T6, STM32U031C8U6, STM32U031F4P6, STM32U031F6P6, STM32U031F8P6, STM32U031G6Y6TR, STM32U031G8Y6TR, STM32U031K4U6, STM32U031K6U6, STM32U031K8U6, STM32U031R6I6, STM32U031R6T6, STM32U031R8I6, STM32U031R8T6, STM32U073C8T6, STM32U073C8U6, STM32U073CBT6, STM32U073CBU6, STM32U073CCT6, STM32U073CCU6, STM32U073H8Y6TR, STM32U073HBY6TR, STM32U073HCY6TR, STM32U073K8U6, STM32U073KBU6, STM32U073KCU6, STM32U073M8I6, STM32U073M8T6, STM32U073MBI6, STM32U073MBT6, STM32U073MCI6, STM32U073MCT6, STM32U073R8I6, STM32U073R8T6, STM32U073RBI6, STM32U073RBT6, STM32U073RCI6, STM32U073RCT6, STM32U083C-DK, STM32U083CCT6, STM32U083CCU6, STM32U083HCY6TR, STM32U083KCU6, STM32U083MCI6, STM32U083MCT6, STM32U083RCI6, STM32U083RCT6, STM32U535CBT6, STM32U535CBT6Q, STM32U535CBU6, STM32U535CBU6Q, STM32U535CCT6, STM32U535CCT6Q, STM32U535CCU6, STM32U535CCU6Q, STM32U535CET6, STM32U535CET6Q, STM32U535CEU6, STM32U535CEU6Q, STM32U535JEY6QTR, STM32U535NCY6QTR, STM32U535NEY6QTR, STM32U535RBI6, STM32U535RBI6Q, STM32U535RBT6, STM32U535RBT6Q, STM32U535RCI6, STM32U535RCI6Q, STM32U535RCT6, STM32U535RCT6Q, STM32U535REI6, STM32U535REI6Q, STM32U535RET6, STM32U535RET6Q, STM32U535VCI6, STM32U535VCI6Q, STM32U535VCT6, STM32U535VCT6Q, STM32U535VEI6, STM32U535VEI6Q, STM32U535VET6, STM32U535VET6Q, STM32U545CET6, STM32U545CET6Q, STM32U545CEU6, STM32U545CEU6Q, STM32U545JEY6QTR, STM32U545NEY6QTR, STM32U545REI6, STM32U545REI6Q, STM32U545RET6, STM32U545RET6Q, STM32U545VEI6, STM32U545VEI6Q, STM32U545VET6, STM32U545VET6Q, STM32U595AIH6, STM32U595AIH6Q, STM32U595AJH6, STM32U595AJH6Q, STM32U595QII6, STM32U595QII6Q, STM32U595QJI6, STM32U595QJI6Q, STM32U595RIT6, STM32U595RIT6Q, STM32U595RJT6, STM32U595RJT6Q, STM32U595VIT6, STM32U595VIT6Q, STM32U595VJT6, STM32U595VJT6Q, STM32U595ZIT6, STM32U595ZIT6Q, STM32U595ZIY6QTR, STM32U595ZJT6, STM32U595ZJT6Q, STM32U595ZJY6QTR, STM32U599BJY6QTR, STM32U599NIH6Q, STM32U599NJH6Q, STM32U599VIT6Q, STM32U599VJT6, STM32U599VJT6Q, STM32U599ZIT6Q, STM32U599ZIY6QTR, STM32U599ZJT6Q, STM32U599ZJY6QTR, STM32U5A5AJH6, STM32U5A5AJH6Q, STM32U5A5QII3Q , STM32U5A5QJI6, STM32U5A5QJI6Q, STM32U5A5RJT6, STM32U5A5RJT6Q, STM32U5A5VJT6, STM32U5A5VJT6Q, STM32U5A5ZJT6, STM32U5A5ZJT6Q, STM32U5A5ZJY6QTR, STM32U5A9BJY6QTR, STM32U5A9J-DK, STM32U5A9NJH6Q, STM32U5A9VJT6Q, STM32U5A9ZJT6Q, STM32U5A9ZJY6QTR, STM32U5F7VIT6, STM32U5F7VIT6Q, STM32U5F7VJT6, STM32U5F7VJT6Q, STM32U5F9BJY6QTR, STM32U5F9NJH6Q, STM32U5F9VIT6Q, STM32U5F9VJT6Q, STM32U5F9ZIJ6QTR, STM32U5F9ZIT6Q, STM32U5F9ZJJ6QTR, STM32U5F9ZJT6Q, STM32U5G7VJT6, STM32U5G7VJT6Q, STM32U5G9BJY6QTR, STM32U5G9J-DK1, STM32U5G9J-DK2, STM32U5G9NJH6Q, STM32U5G9VJT6Q, STM32U5G9ZJJ6QTR, STM32U5G9ZJT6Q, STM32WB1MMCH6, STM32WBA50KEU6, STM32WBA50KEU6TR, STM32WBA50KGU6, STM32WBA50KGU6TR, STM32WBA52CEU6, STM32WBA52CEU6TR, STM32WBA52CEU7, STM32WBA52CEU7TR, STM32WBA52CGU6, STM32WBA52CGU6TR, STM32WBA52CGU6U, STM32WBA52CGU7, STM32WBA52CGU7TR, STM32WBA52KEU6, STM32WBA52KEU6TR, STM32WBA52KGU6, STM32WBA52KGU6TR, STM32WBA54CEU6, STM32WBA54CEU6TR, STM32WBA54CEU7, STM32WBA54CEU7TR, STM32WBA54CGU6, STM32WBA54CGU6TR, STM32WBA54CGU7, STM32WBA54CGU7TR, STM32WBA54KEU6, STM32WBA54KEU6TR, STM32WBA54KEU7, STM32WBA54KEU7TR, STM32WBA54KGU6, STM32WBA54KGU6TR, STM32WBA54KGU7, STM32WBA54KGU7TR, STM32WBA55CEU6, STM32WBA55CEU6TR, STM32WBA55CEU7, STM32WBA55CEU7TR, STM32WBA55CGU6, STM32WBA55CGU6TR, STM32WBA55CGU6U, STM32WBA55CGU7, STM32WBA55CGU7TR, STM32WBA55G-DK1, STM32WBA55HEF6, STM32WBA55HEF7, STM32WBA55HGF6, STM32WBA55HGF7, STM32WBA55UEI6, STM32WBA55UEI6TR, STM32WBA55UEI7, STM32WBA55UEI7TR, STM32WBA55UGI6, STM32WBA55UGI6TR, STM32WBA55UGI7, STM32WBA55UGI7TR, STM32WL5MOCH6, STM32WL5MOCH6TR]
2025-08-01 13:51:13,578 [INFO] ApiDb:668 - CubeFinder database Data Model version=2.1
2025-08-01 13:51:13,578 [INFO] ApiDb:669 - CubeFinder database Configuration version=3.0.39
2025-08-01 13:51:13,578 [INFO] ApiDb:670 - CubeFinder database generation date=2025-03-24 (1742811287)
2025-08-01 13:51:13,578 [INFO] ApiDb:671 - CubeFinder database FW Pack versions=[FP-ATR-ASTRA1_V2.0.0, FP-SNS-FLIGHT1_V5.0.2, FP-SNS-MOTENV1_V5.0.0, FP-SNS-MOTENVWB1_V1.4.0, FP-SNS-SMARTAG2_V1.2.0, FP-SNS-STBOX1_V2.0.0, STM32Cube_FW_C0_V1.4.0, STM32Cube_FW_F4_V1.28.1, STM32Cube_FW_F7_V1.17.2, STM32Cube_FW_G0_V1.6.2, STM32Cube_FW_G4_V1.6.1, STM32Cube_FW_H5_V1.5.0, STM32Cube_FW_H7RS_V1.2.0, STM32Cube_FW_H7_V1.12.1, STM32Cube_FW_L0_V1.12.2, STM32Cube_FW_L4_V1.18.1, STM32Cube_FW_L5_V1.5.1, STM32Cube_FW_N6_V1.1.0, STM32Cube_FW_U0_V1.2.0, STM32Cube_FW_U3_V1.1.0, STM32Cube_FW_U5_V1.7.0, STM32Cube_FW_WB0_V1.2.0, STM32Cube_FW_WBA_V1.6.0, STM32Cube_FW_WB_V1.22.0, STM32Cube_FW_WL3_V1.1.0, STM32Cube_FW_WL_V1.3.1, X-CUBE-ALGOBUILD_V1.4.0, X-CUBE-ALS_V1.0.2, X-CUBE-AZRTOS-F4_V1.1.0, X-CUBE-AZRTOS-F7_V1.1.0, X-CUBE-AZRTOS-G0_V1.1.0, X-CUBE-AZRTOS-G4_V2.0.0, X-CUBE-AZRTOS-H7RS_V1.0.0, X-CUBE-AZRTOS-H7_V3.3.0, X-CUBE-AZRTOS-L4_V2.0.0, X-CUBE-AZRTOS-L5_V2.0.0, X-CUBE-AZRTOS-WB_V2.0.0, X-CUBE-AZRTOS-WL_V2.0.0, X-CUBE-BLE1_V7.1.0, X-CUBE-BLE2_V3.3.0, X-CUBE-BLEMGR_V4.0.0, X-CUBE-EEPRMA1_V5.1.0, X-CUBE-FREERTOS_V1.3.0, X-CUBE-GNSS1_V6.0.0, X-CUBE-MEMS1_V11.1.0, X-CUBE-NFC4_V3.0.0, X-CUBE-NFC7_V1.0.1, X-CUBE-SFXS2LP1_V4.0.0, X-CUBE-SUBG2_V5.0.0, X-CUBE-TOF1_V3.4.2]
2025-08-01 13:51:15,887 [INFO] ApiDb:240 - Found 483 in-development CPN: [B-G473E-ZEST1S, B-WB1M-WPAN1, B-WL5M-SUBG1, NUCLEO-C031C6, NUCLEO-H503RB, NUCLEO-H533RE, NUCLEO-H563ZI, NUCLEO-H7S3L8, NUCLEO-U031R8, NUCLEO-U083RC, NUCLEO-U545RE-Q, NUCLEO-U5A5ZJ-Q, NUCLEO-WBA52CG, NUCLEO-WBA55CG, STEVAL-PROTEUS1, STEVAL-SMARTAG2, STEVAL-STWINBX1, STM320518-EVAL, STM32C0116-DK, STM32C011D6Y3TR, STM32C011D6Y6TR, STM32C011F4P3, STM32C011F4P6, STM32C011F4U3, STM32C011F4U6TR, STM32C011F6P3, STM32C011F6P6, STM32C011F6U3, STM32C011F6U6TR, STM32C011J4M3, STM32C011J4M6, STM32C011J6M3, STM32C011J6M6, STM32C0316-DK, STM32C031C4T3, STM32C031C4T6, STM32C031C4U3, STM32C031C4U6, STM32C031C6T3, STM32C031C6T6, STM32C031C6U3, STM32C031C6U6, STM32C031F4P3, STM32C031F4P6, STM32C031F6P3, STM32C031F6P6, STM32C031G4U3, STM32C031G4U6, STM32C031G6U3, STM32C031G6U6, STM32C031K4T3, STM32C031K4T6, STM32C031K4U3, STM32C031K4U6, STM32C031K6T3, STM32C031K6T6, STM32C031K6U3, STM32C031K6U6, STM32G071K8TXN, STM32G071K8UXN, STM32G081GBU6N, STM32G081KBT6N, STM32G081KBUXN, STM32G0B1CCT6N, STM32G0B1KCT6, STM32G0B1NEY6TR, STM32G0B1RCT6N, STM32G0C1CCT6, STM32G0C1CCT6N, STM32G0C1CCU6N, STM32G0C1CET6N, STM32G0C1CEU6N, STM32G0C1KCT6, STM32G0C1NEY6TR, STM32G0C1RCI6N, STM32G0C1RCT6N, STM32G0C1REI6N, STM32G0C1RET6N, STM32G0C1VCI6, STM32G0C1VEI6, STM32G471CCT6, STM32G471CCU6, STM32G471CET3, STM32G471CET6, STM32G471CEU3, STM32G471CEU6, STM32G471MCT6, STM32G471MET3, STM32G471MET6, STM32G471MEY6TR, STM32G471QCT6, STM32G471QET3, STM32G471RCT6, STM32G471RET3, STM32G471RET6, STM32G471VCH6, STM32G471VCI6, STM32G471VCT6, STM32G471VEH3, STM32G471VEH6, STM32G471VEI3, STM32G471VEI6, STM32G471VET3, STM32G471VET6, STM32G474CCT6, STM32H503CBT6, STM32H503CBU6, STM32H503EBY6TR, STM32H503KBU6, STM32H503RBT6, STM32H523CCT6, STM32H523CCU6, STM32H523CET6, STM32H523CEU6, STM32H523HEY6TR, STM32H523RCT6, STM32H523RET6, STM32H523VCI6, STM32H523VCT6, STM32H523VEI6, STM32H523VET6, STM32H523ZCJ6, STM32H523ZCT6, STM32H523ZEJ6, STM32H523ZET6, STM32H533CET6, STM32H533CEU6, STM32H533HEY6TR, STM32H533RET6, STM32H533VEI6, STM32H533VET6, STM32H533ZEJ6, STM32H533ZET6, STM32H562AGI6, STM32H562AII6, STM32H562IGK6, STM32H562IGT6, STM32H562IIK6, STM32H562IIT6, STM32H562RGT6, STM32H562RGV6, STM32H562RIT6, STM32H562RIV6, STM32H562VGT6, STM32H562VIT6, STM32H562ZGT6, STM32H562ZIT6, STM32H563AGI6, STM32H563AII3Q, STM32H563AII6, STM32H563IGK6, STM32H563IGT6, STM32H563IIK3Q, STM32H563IIK6, STM32H563IIT3Q, STM32H563IIT6, STM32H563MIY3QTR, STM32H563RGT6, STM32H563RGV6, STM32H563RIT6, STM32H563RIV6, STM32H563VGT6, STM32H563VIT3Q, STM32H563VIT6, STM32H563ZGT6, STM32H563ZIT3Q, STM32H563ZIT6, STM32H573AII3Q, STM32H573AII6, STM32H573I-DK, STM32H573IIK3Q, STM32H573IIK6, STM32H573IIT3Q, STM32H573IIT6, STM32H573MIY3QTR, STM32H573RIT6, STM32H573RIV6, STM32H573VIT3Q, STM32H573VIT6, STM32H573ZIT3Q, STM32H573ZIT6, STM32H7R3A8I6, STM32H7R3I8K6, STM32H7R3I8T6, STM32H7R3L8H6, STM32H7R3L8H6H, STM32H7R3R8V6, STM32H7R3V8H6, STM32H7R3V8T6, STM32H7R3V8Y6, STM32H7R3Z8J6, STM32H7R3Z8T6, STM32H7R7A8I6, STM32H7R7I8K6, STM32H7R7I8T6, STM32H7R7L8H6, STM32H7R7L8H6H, STM32H7R7Z8J6, STM32H7S3A8I6, STM32H7S3I8K6, STM32H7S3I8T6, STM32H7S3L8H6, STM32H7S3L8H6H, STM32H7S3R8V6, STM32H7S3V8H6, STM32H7S3V8T6, STM32H7S3V8Y6, STM32H7S3Z8J6, STM32H7S3Z8T6, STM32H7S78-DK, STM32H7S7A8I6, STM32H7S7I8K6, STM32H7S7I8T6, STM32H7S7L8H6, STM32H7S7L8H6H, STM32H7S7Z8J6, STM32L4R5QGI6STR, STM32MP131AAE3, STM32MP131AAF3, STM32MP131AAG3, STM32MP131CAE3, STM32MP131CAF3, STM32MP131CAG3, STM32MP131DAE7, STM32MP131DAF7, STM32MP131DAG7, STM32MP131FAE7, STM32MP131FAF7, STM32MP131FAG7, STM32MP133AAE3, STM32MP133AAF3, STM32MP133AAG3, STM32MP133CAE3, STM32MP133CAF3, STM32MP133CAG3, STM32MP133DAE7, STM32MP133DAF7, STM32MP133DAG7, STM32MP133FAE7, STM32MP133FAF7, STM32MP133FAG7, STM32MP135AAE3, STM32MP135AAF3, STM32MP135AAG3, STM32MP135CAE3, STM32MP135CAF3, STM32MP135CAG3, STM32MP135DAE7, STM32MP135DAF7, STM32MP135DAG7, STM32MP135F-DK, STM32MP135FAE7, STM32MP135FAF7, STM32MP135FAF7T, STM32MP135FAF7U, STM32MP135FAG7, STM32U031C6T6, STM32U031C6U6, STM32U031C8T6, STM32U031C8U6, STM32U031F4P6, STM32U031F6P6, STM32U031F8P6, STM32U031G6Y6TR, STM32U031G8Y6TR, STM32U031K4U6, STM32U031K6U6, STM32U031K8U6, STM32U031R6I6, STM32U031R6T6, STM32U031R8I6, STM32U031R8T6, STM32U073C8T6, STM32U073C8U6, STM32U073CBT6, STM32U073CBU6, STM32U073CCT6, STM32U073CCU6, STM32U073H8Y6TR, STM32U073HBY6TR, STM32U073HCY6TR, STM32U073K8U6, STM32U073KBU6, STM32U073KCU6, STM32U073M8I6, STM32U073M8T6, STM32U073MBI6, STM32U073MBT6, STM32U073MCI6, STM32U073MCT6, STM32U073R8I6, STM32U073R8T6, STM32U073RBI6, STM32U073RBT6, STM32U073RCI6, STM32U073RCT6, STM32U083C-DK, STM32U083CCT6, STM32U083CCU6, STM32U083HCY6TR, STM32U083KCU6, STM32U083MCI6, STM32U083MCT6, STM32U083RCI6, STM32U083RCT6, STM32U535CBT6, STM32U535CBT6Q, STM32U535CBU6, STM32U535CBU6Q, STM32U535CCT6, STM32U535CCT6Q, STM32U535CCU6, STM32U535CCU6Q, STM32U535CET6, STM32U535CET6Q, STM32U535CEU6, STM32U535CEU6Q, STM32U535JEY6QTR, STM32U535NCY6QTR, STM32U535NEY6QTR, STM32U535RBI6, STM32U535RBI6Q, STM32U535RBT6, STM32U535RBT6Q, STM32U535RCI6, STM32U535RCI6Q, STM32U535RCT6, STM32U535RCT6Q, STM32U535REI6, STM32U535REI6Q, STM32U535RET6, STM32U535RET6Q, STM32U535VCI6, STM32U535VCI6Q, STM32U535VCT6, STM32U535VCT6Q, STM32U535VEI6, STM32U535VEI6Q, STM32U535VET6, STM32U535VET6Q, STM32U545CET6, STM32U545CET6Q, STM32U545CEU6, STM32U545CEU6Q, STM32U545JEY6QTR, STM32U545NEY6QTR, STM32U545REI6, STM32U545REI6Q, STM32U545RET6, STM32U545RET6Q, STM32U545VEI6, STM32U545VEI6Q, STM32U545VET6, STM32U545VET6Q, STM32U595AIH6, STM32U595AIH6Q, STM32U595AJH6, STM32U595AJH6Q, STM32U595QII6, STM32U595QII6Q, STM32U595QJI6, STM32U595QJI6Q, STM32U595RIT6, STM32U595RIT6Q, STM32U595RJT6, STM32U595RJT6Q, STM32U595VIT6, STM32U595VIT6Q, STM32U595VJT6, STM32U595VJT6Q, STM32U595ZIT6, STM32U595ZIT6Q, STM32U595ZIY6QTR, STM32U595ZJT6, STM32U595ZJT6Q, STM32U595ZJY6QTR, STM32U599BJY6QTR, STM32U599NIH6Q, STM32U599NJH6Q, STM32U599VIT6Q, STM32U599VJT6, STM32U599VJT6Q, STM32U599ZIT6Q, STM32U599ZIY6QTR, STM32U599ZJT6Q, STM32U599ZJY6QTR, STM32U5A5AJH6, STM32U5A5AJH6Q, STM32U5A5QII3Q , STM32U5A5QJI6, STM32U5A5QJI6Q, STM32U5A5RJT6, STM32U5A5RJT6Q, STM32U5A5VJT6, STM32U5A5VJT6Q, STM32U5A5ZJT6, STM32U5A5ZJT6Q, STM32U5A5ZJY6QTR, STM32U5A9BJY6QTR, STM32U5A9J-DK, STM32U5A9NJH6Q, STM32U5A9VJT6Q, STM32U5A9ZJT6Q, STM32U5A9ZJY6QTR, STM32U5F7VIT6, STM32U5F7VIT6Q, STM32U5F7VJT6, STM32U5F7VJT6Q, STM32U5F9BJY6QTR, STM32U5F9NJH6Q, STM32U5F9VIT6Q, STM32U5F9VJT6Q, STM32U5F9ZIJ6QTR, STM32U5F9ZIT6Q, STM32U5F9ZJJ6QTR, STM32U5F9ZJT6Q, STM32U5G7VJT6, STM32U5G7VJT6Q, STM32U5G9BJY6QTR, STM32U5G9J-DK1, STM32U5G9J-DK2, STM32U5G9NJH6Q, STM32U5G9VJT6Q, STM32U5G9ZJJ6QTR, STM32U5G9ZJT6Q, STM32WB1MMCH6, STM32WBA50KEU6, STM32WBA50KEU6TR, STM32WBA50KGU6, STM32WBA50KGU6TR, STM32WBA52CEU6, STM32WBA52CEU6TR, STM32WBA52CEU7, STM32WBA52CEU7TR, STM32WBA52CGU6, STM32WBA52CGU6TR, STM32WBA52CGU6U, STM32WBA52CGU7, STM32WBA52CGU7TR, STM32WBA52KEU6, STM32WBA52KEU6TR, STM32WBA52KGU6, STM32WBA52KGU6TR, STM32WBA54CEU6, STM32WBA54CEU6TR, STM32WBA54CEU7, STM32WBA54CEU7TR, STM32WBA54CGU6, STM32WBA54CGU6TR, STM32WBA54CGU7, STM32WBA54CGU7TR, STM32WBA54KEU6, STM32WBA54KEU6TR, STM32WBA54KEU7, STM32WBA54KEU7TR, STM32WBA54KGU6, STM32WBA54KGU6TR, STM32WBA54KGU7, STM32WBA54KGU7TR, STM32WBA55CEU6, STM32WBA55CEU6TR, STM32WBA55CEU7, STM32WBA55CEU7TR, STM32WBA55CGU6, STM32WBA55CGU6TR, STM32WBA55CGU6U, STM32WBA55CGU7, STM32WBA55CGU7TR, STM32WBA55G-DK1, STM32WBA55HEF6, STM32WBA55HEF7, STM32WBA55HGF6, STM32WBA55HGF7, STM32WBA55UEI6, STM32WBA55UEI6TR, STM32WBA55UEI7, STM32WBA55UEI7TR, STM32WBA55UGI6, STM32WBA55UGI6TR, STM32WBA55UGI7, STM32WBA55UGI7TR, STM32WL5MOCH6, STM32WL5MOCH6TR]
2025-08-01 13:51:15,890 [INFO] DbMcus:218 - Found 4657 MCUs, 4657 are supported
2025-08-01 13:51:15,891 [INFO] ApiDb:423 - Load user favorites file C:\Users\shoot/.stm32cubeide/favorites.mcus.txt: 0 item(s)
2025-08-01 13:51:15,891 [INFO] ApiDb:427 - User favorites MCUs=[]
2025-08-01 13:51:15,891 [INFO] DbMcus:224 - Set 0 / 0 favorites MCUs
2025-08-01 13:51:16,277 [INFO] BoardInfo:889 - No configuration file found for board NUCLEO-C051C8
2025-08-01 13:51:16,277 [INFO] DbBoards:161 - Board is not supported: NUCLEO-C051C8
2025-08-01 13:51:16,279 [INFO] BoardInfo:889 - No configuration file found for board NUCLEO-C071RB
2025-08-01 13:51:16,279 [INFO] DbBoards:161 - Board is not supported: NUCLEO-C071RB
2025-08-01 13:51:16,280 [INFO] BoardInfo:889 - No configuration file found for board NUCLEO-C092RC
2025-08-01 13:51:16,281 [INFO] DbBoards:161 - Board is not supported: NUCLEO-C092RC
2025-08-01 13:51:16,420 [INFO] BoardInfo:889 - No configuration file found for board NUCLEO-N657X0-Q
2025-08-01 13:51:16,420 [INFO] DbBoards:161 - Board is not supported: NUCLEO-N657X0-Q
2025-08-01 13:51:16,424 [INFO] BoardInfo:889 - No configuration file found for board NUCLEO-U385RG-Q
2025-08-01 13:51:16,424 [INFO] DbBoards:161 - Board is not supported: NUCLEO-U385RG-Q
2025-08-01 13:51:16,451 [INFO] BoardInfo:889 - No configuration file found for board NUCLEO-WB05KZ
2025-08-01 13:51:16,451 [INFO] DbBoards:161 - Board is not supported: NUCLEO-WB05KZ
2025-08-01 13:51:16,453 [INFO] BoardInfo:889 - No configuration file found for board NUCLEO-WB07CC
2025-08-01 13:51:16,454 [INFO] DbBoards:161 - Board is not supported: NUCLEO-WB07CC
2025-08-01 13:51:16,456 [INFO] BoardInfo:889 - No configuration file found for board NUCLEO-WB09KE
2025-08-01 13:51:16,456 [INFO] DbBoards:161 - Board is not supported: NUCLEO-WB09KE
2025-08-01 13:51:16,463 [INFO] BoardInfo:889 - No configuration file found for board NUCLEO-WBA65RI
2025-08-01 13:51:16,463 [INFO] DbBoards:161 - Board is not supported: NUCLEO-WBA65RI
2025-08-01 13:51:16,466 [INFO] BoardInfo:889 - No configuration file found for board NUCLEO-WL33CC1
2025-08-01 13:51:16,466 [INFO] DbBoards:161 - Board is not supported: NUCLEO-WL33CC1
2025-08-01 13:51:16,468 [INFO] BoardInfo:889 - No configuration file found for board NUCLEO-WL33CC2
2025-08-01 13:51:16,469 [INFO] DbBoards:161 - Board is not supported: NUCLEO-WL33CC2
2025-08-01 13:51:16,476 [INFO] BoardInfo:889 - No configuration file found for board P-NUCLEO-WB55
2025-08-01 13:51:16,477 [INFO] DbBoards:161 - Kit is not supported: P-NUCLEO-WB55
2025-08-01 13:51:16,482 [INFO] BoardInfo:889 - No configuration file found for board STEVAL-BFA001V1B
2025-08-01 13:51:16,482 [INFO] DbBoards:161 - Kit is not supported: STEVAL-BFA001V1B
2025-08-01 13:51:16,484 [INFO] BoardInfo:889 - No configuration file found for board STEVAL-BFA001V2B
2025-08-01 13:51:16,484 [INFO] DbBoards:161 - Kit is not supported: STEVAL-BFA001V2B
2025-08-01 13:51:16,648 [INFO] BoardInfo:889 - No configuration file found for board STM32MP257F-DK
2025-08-01 13:51:16,649 [INFO] DbBoards:161 - Board is not supported: STM32MP257F-DK
2025-08-01 13:51:16,650 [INFO] BoardInfo:889 - No configuration file found for board STM32MP257F-EV1
2025-08-01 13:51:16,650 [INFO] DbBoards:161 - Board is not supported: STM32MP257F-EV1
2025-08-01 13:51:16,653 [INFO] BoardInfo:889 - No configuration file found for board STM32N6570-DK
2025-08-01 13:51:16,653 [INFO] DbBoards:161 - Board is not supported: STM32N6570-DK
2025-08-01 13:51:16,665 [INFO] BoardInfo:889 - No configuration file found for board STM32WBA65I-DK1
2025-08-01 13:51:16,666 [INFO] DbBoards:161 - Board is not supported: STM32WBA65I-DK1
2025-08-01 13:51:16,666 [INFO] DbBoards:168 - Found 210 boards, 192 are supported
2025-08-01 13:51:16,666 [INFO] DbBoards:169 - Found 210 boards, 8 of them is supported for  Bsp
2025-08-01 13:51:16,669 [INFO] ApiDb:414 - User favorites file not found: C:\Users\shoot/.stm32cubeide/favorites.boards.txt
2025-08-01 13:51:16,669 [INFO] DbBoards:198 - Set 0 / 0 favorites Boards
2025-08-01 13:51:16,741 [INFO] UtilMem:75 - End LoadConfig() Used Memory: 757330592 Bytes (1073741824)
2025-08-01 13:51:16,919 [WARN] ThirdParty:833 - waiting for thirdparty lock release [change project]
2025-08-01 13:51:16,919 [INFO] ThirdParty:835 - entering critical section [change project]
2025-08-01 13:51:16,920 [INFO] ThirdParty:1030 - CMSIS Pack Vendor :STMicroelectronics X-CUBE-PM33A1 1.0.0
2025-08-01 13:51:16,920 [INFO] ThirdParty:1030 - CMSIS Pack Vendor :STMicroelectronics USBPD 4.1
2025-08-01 13:51:16,920 [INFO] ThirdParty:1030 - CMSIS Pack Vendor :STMicroelectronics X-CUBE-GNSS1 6.0.0
2025-08-01 13:51:16,920 [INFO] ThirdParty:1030 - CMSIS Pack Vendor :STMicroelectronics USB_HOST 2.0.0
2025-08-01 13:51:16,920 [INFO] ThirdParty:1030 - CMSIS Pack Vendor :STMicroelectronics FP-SNS-MOTENVWB1 1.4.0
2025-08-01 13:51:16,920 [INFO] ThirdParty:1030 - CMSIS Pack Vendor :STMicroelectronics X-CUBE-AZRTOS-F4 1.1.0
2025-08-01 13:51:16,920 [INFO] ThirdParty:1030 - CMSIS Pack Vendor :STMicroelectronics LIBJPEG 8.0.0
2025-08-01 13:51:16,920 [INFO] ThirdParty:1030 - CMSIS Pack Vendor :STMicroelectronics FP-ATR-ASTRA1 2.0.2
2025-08-01 13:51:16,920 [INFO] ThirdParty:1030 - CMSIS Pack Vendor :STMicroelectronics X-CUBE-SMBUS 2.1.0
2025-08-01 13:51:16,920 [INFO] ThirdParty:1030 - CMSIS Pack Vendor :STMicroelectronics X-CUBE-WB05N 1.1.0
2025-08-01 13:51:16,921 [INFO] ThirdParty:1030 - CMSIS Pack Vendor :STMicroelectronics X-CUBE-ISPU 2.1.0
2025-08-01 13:51:16,921 [INFO] ThirdParty:1030 - CMSIS Pack Vendor :STMicroelectronics X-CUBE-FREERTOS 1.2.0
2025-08-01 13:51:16,921 [INFO] ThirdParty:1030 - CMSIS Pack Vendor :STMicroelectronics X-CUBE-NFC12 1.0.0
2025-08-01 13:51:16,921 [INFO] ThirdParty:1030 - CMSIS Pack Vendor :STMicroelectronics X-CUBE-TOUCHGFX 4.23.2
2025-08-01 13:51:16,921 [INFO] ThirdParty:1030 - CMSIS Pack Vendor :STMicroelectronics X-CUBE-AZRTOS-F7 1.1.0
2025-08-01 13:51:16,921 [INFO] ThirdParty:1030 - CMSIS Pack Vendor :STMicroelectronics X-CUBE-AZRTOS-L5 2.0.0
2025-08-01 13:51:16,921 [INFO] ThirdParty:1030 - CMSIS Pack Vendor :STMicroelectronics USB_DEVICE 2.0.0
2025-08-01 13:51:16,921 [INFO] ThirdParty:1030 - CMSIS Pack Vendor :STMicroelectronics X-CUBE-NFC6 3.1.0
2025-08-01 13:51:16,921 [INFO] ThirdParty:1030 - CMSIS Pack Vendor :STMicroelectronics X-CUBE-MEMS1 11.0.0
2025-08-01 13:51:16,921 [INFO] ThirdParty:1030 - CMSIS Pack Vendor :STMicroelectronics FreeRTOS 0.0.1
2025-08-01 13:51:16,921 [INFO] ThirdParty:1030 - CMSIS Pack Vendor :STMicroelectronics X-CUBE-DPower 1.2.0
2025-08-01 13:51:16,921 [INFO] ThirdParty:1030 - CMSIS Pack Vendor :STMicroelectronics FP-SNS-FLIGHT1 5.0.2
2025-08-01 13:51:16,922 [INFO] ThirdParty:1030 - CMSIS Pack Vendor :STMicroelectronics X-CUBE-AI 9.0.0
2025-08-01 13:51:16,922 [INFO] ThirdParty:1030 - CMSIS Pack Vendor :STMicroelectronics PDM2PCM 3.3.0
2025-08-01 13:51:16,922 [INFO] ThirdParty:1030 - CMSIS Pack Vendor :STMicroelectronics X-CUBE-AZRTOS-H7 3.4.0
2025-08-01 13:51:16,922 [INFO] ThirdParty:1030 - CMSIS Pack Vendor :STMicroelectronics X-CUBE-DISPLAY 3.0.0
2025-08-01 13:51:16,922 [INFO] ThirdParty:1030 - CMSIS Pack Vendor :STMicroelectronics X-CUBE-BLE1 7.0.0
2025-08-01 13:51:16,922 [INFO] ThirdParty:1030 - CMSIS Pack Vendor :STMicroelectronics X-CUBE-NFC10 1.0.0
2025-08-01 13:51:16,922 [INFO] ThirdParty:1030 - CMSIS Pack Vendor :STMicroelectronics X-CUBE-BLEMGR 4.0.0
2025-08-01 13:51:16,922 [INFO] ThirdParty:1030 - CMSIS Pack Vendor :STMicroelectronics X-CUBE-FREERTOS 1.3.1
2025-08-01 13:51:16,922 [INFO] ThirdParty:1030 - CMSIS Pack Vendor :STMicroelectronics HAL Drivers 0.0.0
2025-08-01 13:51:16,922 [INFO] ThirdParty:1030 - CMSIS Pack Vendor :emotas I-CUBE-CANOPEN 1.3.0
2025-08-01 13:51:16,922 [INFO] ThirdParty:1030 - CMSIS Pack Vendor :STMicroelectronics X-CUBE-FREERTOS 1.3.0
2025-08-01 13:51:16,922 [INFO] ThirdParty:1030 - CMSIS Pack Vendor :STMicroelectronics X-CUBE-NFC7 1.0.1
2025-08-01 13:51:16,922 [INFO] ThirdParty:1030 - CMSIS Pack Vendor :STMicroelectronics MBEDTLS 2.14.1
2025-08-01 13:51:16,922 [INFO] ThirdParty:1030 - CMSIS Pack Vendor :wolfSSL I-CUBE-wolfTPM 3.2.0
2025-08-01 13:51:16,923 [INFO] ThirdParty:1030 - CMSIS Pack Vendor :STMicroelectronics X-CUBE-BLEMGR 3.1.0
2025-08-01 13:51:16,923 [INFO] ThirdParty:1030 - CMSIS Pack Vendor :STMicroelectronics X-CUBE-AI 10.0.0
2025-08-01 13:51:16,923 [INFO] ThirdParty:1030 - CMSIS Pack Vendor :STMicroelectronics FP-SNS-SMARTAG2 1.2.0
2025-08-01 13:51:16,923 [INFO] ThirdParty:1030 - CMSIS Pack Vendor :STMicroelectronics X-CUBE-MEMS1 11.1.0
2025-08-01 13:51:16,923 [INFO] ThirdParty:1030 - CMSIS Pack Vendor :STMicroelectronics X-CUBE-AZRTOS-WL 2.0.0
2025-08-01 13:51:16,923 [INFO] ThirdParty:1030 - CMSIS Pack Vendor :STMicroelectronics X-CUBE-DPower 1.3.0
2025-08-01 13:51:16,923 [INFO] ThirdParty:1030 - CMSIS Pack Vendor :STMicroelectronics FP-SNS-MOTENV1 5.0.0
2025-08-01 13:51:16,923 [INFO] ThirdParty:1030 - CMSIS Pack Vendor :STMicroelectronics USB_DEVICE 1.0.0
2025-08-01 13:51:16,923 [INFO] ThirdParty:1030 - CMSIS Pack Vendor :wolfSSL I-CUBE-wolfMQTT 1.19.0
2025-08-01 13:51:16,923 [INFO] ThirdParty:1030 - CMSIS Pack Vendor :STMicroelectronics X-CUBE-AZRTOS-L4 2.0.0
2025-08-01 13:51:16,923 [INFO] ThirdParty:1030 - CMSIS Pack Vendor :STMicroelectronics ThreadX 0.0.2
2025-08-01 13:51:16,923 [INFO] ThirdParty:1030 - CMSIS Pack Vendor :WES I-CUBE-Cesium 1.3.0
2025-08-01 13:51:16,923 [INFO] ThirdParty:1030 - CMSIS Pack Vendor :STMicroelectronics lwIP 2.1.2
2025-08-01 13:51:16,924 [INFO] ThirdParty:1030 - CMSIS Pack Vendor :STMicroelectronics X-CUBE-SFXS2LP1 4.0.0
2025-08-01 13:51:16,924 [INFO] ThirdParty:1030 - CMSIS Pack Vendor :STMicroelectronics X-CUBE-BLE2 3.3.0
2025-08-01 13:51:16,924 [INFO] ThirdParty:1030 - CMSIS Pack Vendor :STMicroelectronics PDM2PCM 3.2.0
2025-08-01 13:51:16,924 [INFO] ThirdParty:1030 - CMSIS Pack Vendor :STMicroelectronics X-CUBE-AZRTOS-H7 3.3.0
2025-08-01 13:51:16,924 [INFO] ThirdParty:1030 - CMSIS Pack Vendor :STMicroelectronics X-CUBE-NFC9 1.0.0
2025-08-01 13:51:16,924 [INFO] ThirdParty:1030 - CMSIS Pack Vendor :STMicroelectronics X-CUBE-BLE1 7.1.0
2025-08-01 13:51:16,924 [INFO] ThirdParty:1030 - CMSIS Pack Vendor :STMicroelectronics USB_DEVICE 3.0.0
2025-08-01 13:51:16,924 [INFO] ThirdParty:1030 - CMSIS Pack Vendor :STMicroelectronics X-CUBE-TCPP 4.1.0
2025-08-01 13:51:16,924 [INFO] ThirdParty:1030 - CMSIS Pack Vendor :STMicroelectronics X-CUBE-EEPRMA1 5.2.0
2025-08-01 13:51:16,924 [INFO] ThirdParty:1030 - CMSIS Pack Vendor :STMicroelectronics X-CUBE-IPS 3.0.0
2025-08-01 13:51:16,924 [INFO] ThirdParty:1030 - CMSIS Pack Vendor :STMicroelectronics X-CUBE-AZRTOS-WB 2.0.0
2025-08-01 13:51:16,924 [INFO] ThirdParty:1030 - CMSIS Pack Vendor :STMicroelectronics X-CUBE-GNSS1 7.0.0
2025-08-01 13:51:16,924 [INFO] ThirdParty:1030 - CMSIS Pack Vendor :STMicroelectronics X-CUBE-GNSS1 7.0.1
2025-08-01 13:51:16,924 [INFO] ThirdParty:1030 - CMSIS Pack Vendor :STMicroelectronics X-CUBE-TOUCHGFX 4.25.0
2025-08-01 13:51:16,924 [INFO] ThirdParty:1030 - CMSIS Pack Vendor :STMicroelectronics X-CUBE-AI 10.1.0
2025-08-01 13:51:16,925 [INFO] ThirdParty:1030 - CMSIS Pack Vendor :STMicroelectronics FP-SNS-STBOX1 2.0.0
2025-08-01 13:51:16,925 [INFO] ThirdParty:1030 - CMSIS Pack Vendor :STMicroelectronics X-CUBE-ALGOBUILD 1.3.0
2025-08-01 13:51:16,925 [INFO] ThirdParty:1030 - CMSIS Pack Vendor :STMicroelectronics X-CUBE-MEMS1 11.2.0
2025-08-01 13:51:16,925 [INFO] ThirdParty:1030 - CMSIS Pack Vendor :STMicroelectronics X-CUBE-AZRTOS-G0 1.1.0
2025-08-01 13:51:16,925 [INFO] ThirdParty:1030 - CMSIS Pack Vendor :STMicroelectronics X-CUBE-SAFEA1 1.2.2
2025-08-01 13:51:16,925 [INFO] ThirdParty:1030 - CMSIS Pack Vendor :STMicroelectronics X-CUBE-NFC4 3.0.0
2025-08-01 13:51:16,925 [INFO] ThirdParty:1030 - CMSIS Pack Vendor :STMicroelectronics X-CUBE-SUBG2 5.0.0
2025-08-01 13:51:16,925 [INFO] ThirdParty:1030 - CMSIS Pack Vendor :STMicroelectronics X-CUBE-AZRTOS-H7RS 1.1.0
2025-08-01 13:51:16,925 [INFO] ThirdParty:1030 - CMSIS Pack Vendor :STMicroelectronics STM32_WPAN 1.0.0
2025-08-01 13:51:16,925 [INFO] ThirdParty:1030 - CMSIS Pack Vendor :wolfSSL I-CUBE-wolfMQTT 1.18.0
2025-08-01 13:51:16,925 [INFO] ThirdParty:1030 - CMSIS Pack Vendor :EmbeddedOffice I-CUBE-FS-RTOS 1.0.1
2025-08-01 13:51:16,925 [INFO] ThirdParty:1030 - CMSIS Pack Vendor :STMicroelectronics lwIP 2.0.3
2025-08-01 13:51:16,925 [INFO] ThirdParty:1030 - CMSIS Pack Vendor :Cesanta I-CUBE-Mongoose 7.13.0
2025-08-01 13:51:16,925 [INFO] ThirdParty:1030 - CMSIS Pack Vendor :STMicroelectronics USB_HOST 1.0.0
2025-08-01 13:51:16,926 [INFO] ThirdParty:1030 - CMSIS Pack Vendor :STMicroelectronics X-CUBE-AZRTOS-G4 2.0.0
2025-08-01 13:51:16,926 [INFO] ThirdParty:1030 - CMSIS Pack Vendor :STMicroelectronics X-CUBE-WB05N 2.0.0
2025-08-01 13:51:16,926 [INFO] ThirdParty:1030 - CMSIS Pack Vendor :STMicroelectronics PDM2PCM 3.1.0
2025-08-01 13:51:16,926 [INFO] ThirdParty:1030 - CMSIS Pack Vendor :STMicroelectronics X-CUBE-NFC7 2.0.0
2025-08-01 13:51:16,926 [INFO] ThirdParty:1030 - CMSIS Pack Vendor :RealThread X-CUBE-RT-Thread_Nano 4.1.1
2025-08-01 13:51:16,926 [INFO] ThirdParty:1030 - CMSIS Pack Vendor :wolfSSL I-CUBE-wolfSSL 5.7.0
2025-08-01 13:51:16,926 [INFO] ThirdParty:1030 - CMSIS Pack Vendor :STMicroelectronics FP-ATR-SIGFOX1 3.2.0
2025-08-01 13:51:16,926 [INFO] ThirdParty:1030 - CMSIS Pack Vendor :quantropi X-CUBE-qispace-sdk-base 1.9.3
2025-08-01 13:51:16,926 [INFO] ThirdParty:1030 - CMSIS Pack Vendor :STMicroelectronics X-CUBE-ISPU 2.0.0
2025-08-01 13:51:16,926 [INFO] ThirdParty:1030 - CMSIS Pack Vendor :STMicroelectronics X-CUBE-EEPRMA1 5.1.0
2025-08-01 13:51:16,926 [INFO] ThirdParty:1030 - CMSIS Pack Vendor :STMicroelectronics MBEDTLS 2.16.2
2025-08-01 13:51:16,926 [INFO] ThirdParty:1030 - CMSIS Pack Vendor :STMicroelectronics X-CUBE-ALS 1.0.2
2025-08-01 13:51:16,926 [INFO] ThirdParty:1030 - CMSIS Pack Vendor :STMicroelectronics X-CUBE-MEMS1 10.0.0
2025-08-01 13:51:16,926 [INFO] ThirdParty:1030 - CMSIS Pack Vendor :STMicroelectronics X-CUBE-TOUCHGFX 4.24.0
2025-08-01 13:51:16,926 [INFO] ThirdParty:1030 - CMSIS Pack Vendor :ITTIA_DB I-CUBE-ITTIADB 8.9.0
2025-08-01 13:51:16,926 [INFO] ThirdParty:1030 - CMSIS Pack Vendor :STMicroelectronics X-CUBE-TOUCHGFX 4.24.2
2025-08-01 13:51:16,926 [INFO] ThirdParty:1030 - CMSIS Pack Vendor :STMicroelectronics X-CUBE-TOUCHGFX 4.24.1
2025-08-01 13:51:16,927 [INFO] ThirdParty:1030 - CMSIS Pack Vendor :portGmbH I-Cube-SoM-uGOAL 1.1.0
2025-08-01 13:51:16,927 [INFO] ThirdParty:1030 - CMSIS Pack Vendor :STMicroelectronics X-CUBE-ALS 1.0.1
2025-08-01 13:51:16,927 [INFO] ThirdParty:1030 - CMSIS Pack Vendor :STMicroelectronics ThreadX 1.0.0
2025-08-01 13:51:16,927 [INFO] ThirdParty:1030 - CMSIS Pack Vendor :SEGGER I-CUBE-embOS 1.3.1
2025-08-01 13:51:16,927 [INFO] ThirdParty:1030 - CMSIS Pack Vendor :STMicroelectronics X-CUBE-ALGOBUILD 1.4.0
2025-08-01 13:51:16,927 [INFO] ThirdParty:1030 - CMSIS Pack Vendor :STMicroelectronics X-CUBE-MEMS1 11.3.0
2025-08-01 13:51:16,927 [INFO] ThirdParty:1030 - CMSIS Pack Vendor :STMicroelectronics X-CUBE-AZRTOS-H7RS 1.0.0
2025-08-01 13:51:16,927 [INFO] ThirdParty:1030 - CMSIS Pack Vendor :STMicroelectronics FP-ATR-ASTRA1 2.0.0
2025-08-01 13:51:16,927 [INFO] ThirdParty:1030 - CMSIS Pack Vendor :STMicroelectronics X-CUBE-TOF1 3.4.2
2025-08-01 13:51:16,927 [INFO] ThirdParty:1030 - CMSIS Pack Vendor :STMicroelectronics X-CUBE-AI 9.1.0
2025-08-01 13:51:16,927 [INFO] ThirdParty:1030 - CMSIS Pack Vendor :STMicroelectronics X-CUBE-TOF1 3.4.1
2025-08-01 13:51:16,927 [INFO] ThirdParty:1030 - CMSIS Pack Vendor :STMicroelectronics X-CUBE-AZRTOS-H7 3.2.0
2025-08-01 13:51:16,927 [INFO] ThirdParty:1030 - CMSIS Pack Vendor :Infineon AIROC-Wi-Fi-Bluetooth-STM32 1.6.0
2025-08-01 13:51:16,927 [INFO] ThirdParty:1030 - CMSIS Pack Vendor :wolfSSL I-CUBE-wolfSSH 1.4.17
2025-08-01 13:51:16,927 [INFO] ThirdParty:841 - exiting critical section [change project]
2025-08-01 13:51:17,400 [INFO] PinOutPanel:1561 - setPackage(No Configuration,No Configuration)
2025-08-01 13:51:17,403 [INFO] PinOutPanel:1561 - setPackage(STM32F205RBTx,LQFP64)
2025-08-01 13:51:18,215 [INFO] UtilMem:75 - Before build in PCC Used Memory: 749715944 Bytes (1073741824)
2025-08-01 13:51:19,444 [INFO] UtilMem:75 - After build in PCC Used Memory: 818067120 Bytes (1073741824)
2025-08-01 13:51:19,658 [INFO] ApiDbMcu:508 - Load IP Config File for USB_DEVICE
2025-08-01 13:51:19,690 [INFO] IPUIPlugin:80 - create IPUIPlugin
2025-08-01 13:51:19,692 [INFO] IPUIPlugin:80 - create IPUIPlugin
2025-08-01 13:51:19,692 [INFO] IPUIPlugin:80 - create IPUIPlugin
2025-08-01 13:51:19,692 [INFO] IPUIPlugin:80 - create IPUIPlugin
2025-08-01 13:51:19,692 [INFO] IPUIPlugin:80 - create IPUIPlugin
2025-08-01 13:51:19,692 [INFO] IPUIPlugin:80 - create IPUIPlugin
2025-08-01 13:51:19,692 [INFO] IPUIPlugin:80 - create IPUIPlugin
2025-08-01 13:51:19,692 [INFO] IPUIPlugin:80 - create IPUIPlugin
2025-08-01 13:51:19,692 [INFO] IPUIPlugin:80 - create IPUIPlugin
2025-08-01 13:51:19,693 [INFO] IPUIPlugin:80 - create IPUIPlugin
2025-08-01 13:51:19,693 [INFO] IPUIPlugin:80 - create IPUIPlugin
2025-08-01 13:51:19,693 [INFO] IPUIPlugin:80 - create IPUIPlugin
2025-08-01 13:51:19,694 [INFO] IPUIPlugin:80 - create IPUIPlugin
2025-08-01 13:51:19,694 [INFO] IPUIPlugin:80 - create IPUIPlugin
2025-08-01 13:51:19,694 [INFO] IPUIPlugin:80 - create IPUIPlugin
2025-08-01 13:51:19,694 [INFO] IPUIPlugin:80 - create IPUIPlugin
2025-08-01 13:51:19,695 [INFO] IPUIPlugin:80 - create IPUIPlugin
2025-08-01 13:51:19,695 [INFO] IPUIPlugin:80 - create IPUIPlugin
2025-08-01 13:51:19,695 [INFO] IPUIPlugin:80 - create IPUIPlugin
2025-08-01 13:51:19,695 [INFO] IPUIPlugin:80 - create IPUIPlugin
2025-08-01 13:51:19,695 [INFO] IPUIPlugin:80 - create IPUIPlugin
2025-08-01 13:51:19,696 [INFO] IPUIPlugin:80 - create IPUIPlugin
2025-08-01 13:51:19,696 [INFO] IPUIPlugin:80 - create IPUIPlugin
2025-08-01 13:51:19,696 [INFO] IPUIPlugin:80 - create IPUIPlugin
2025-08-01 13:51:19,696 [INFO] IPUIPlugin:80 - create IPUIPlugin
2025-08-01 13:51:19,697 [INFO] IPUIPlugin:80 - create IPUIPlugin
2025-08-01 13:51:19,697 [INFO] IPUIPlugin:80 - create IPUIPlugin
2025-08-01 13:51:19,698 [INFO] IPUIPlugin:80 - create IPUIPlugin
2025-08-01 13:51:19,699 [INFO] IPUIPlugin:80 - create IPUIPlugin
2025-08-01 13:51:19,699 [INFO] IPUIPlugin:80 - create IPUIPlugin
2025-08-01 13:51:19,700 [INFO] IPUIPlugin:80 - create IPUIPlugin
2025-08-01 13:51:19,700 [INFO] IPUIPlugin:80 - create IPUIPlugin
2025-08-01 13:51:19,700 [INFO] IPUIPlugin:80 - create IPUIPlugin
2025-08-01 13:51:19,701 [INFO] IPUIPlugin:80 - create IPUIPlugin
2025-08-01 13:51:19,701 [INFO] IPUIPlugin:80 - create IPUIPlugin
2025-08-01 13:51:19,701 [INFO] IPUIPlugin:80 - create IPUIPlugin
2025-08-01 13:51:19,702 [INFO] IPUIPlugin:80 - create IPUIPlugin
2025-08-01 13:51:19,702 [INFO] IPUIPlugin:80 - create IPUIPlugin
2025-08-01 13:51:19,702 [INFO] IPUIPlugin:80 - create IPUIPlugin
2025-08-01 13:51:19,702 [INFO] IPUIPlugin:80 - create IPUIPlugin
2025-08-01 13:51:19,703 [INFO] IPUIPlugin:80 - create IPUIPlugin
2025-08-01 13:51:19,703 [INFO] IPUIPlugin:80 - create IPUIPlugin
2025-08-01 13:51:19,703 [INFO] IPUIPlugin:80 - create IPUIPlugin
2025-08-01 13:51:19,704 [INFO] IPUIPlugin:80 - create IPUIPlugin
2025-08-01 13:51:19,704 [INFO] IPUIPlugin:80 - create IPUIPlugin
2025-08-01 13:51:19,704 [INFO] IPUIPlugin:80 - create IPUIPlugin
2025-08-01 13:51:19,705 [INFO] IPUIPlugin:80 - create IPUIPlugin
2025-08-01 13:51:19,705 [INFO] IPUIPlugin:80 - create IPUIPlugin
2025-08-01 13:51:19,705 [INFO] IPUIPlugin:80 - create IPUIPlugin
2025-08-01 13:51:19,707 [INFO] IPUIPlugin:80 - create IPUIPlugin
2025-08-01 13:51:19,707 [INFO] IPUIPlugin:80 - create IPUIPlugin
2025-08-01 13:51:19,708 [INFO] IPUIPlugin:80 - create IPUIPlugin
2025-08-01 13:51:19,708 [INFO] IPUIPlugin:80 - create IPUIPlugin
2025-08-01 13:51:19,708 [INFO] IPUIPlugin:80 - create IPUIPlugin
2025-08-01 13:51:19,741 [INFO] ApiDbMcu:508 - Load IP Config File for PDM2PCM
2025-08-01 13:51:19,760 [INFO] Can:71 - Can Add PropertyChangeListener com.st.microxplorer.plugins.ip.can.Can@312b96ec
2025-08-01 13:51:19,761 [INFO] Can:71 - Can Add PropertyChangeListener com.st.microxplorer.plugins.ip.can.Can@501cdd0f
2025-08-01 13:51:20,055 [INFO] CADModel:165 - CPN selected for project levelSTM32F205RBT6
2025-08-01 13:51:20,056 [INFO] CADModel:114 - Register for checkConnection events
2025-08-01 13:51:20,123 [INFO] OpenFileManager:343 - Restore cursor
2025-08-01 13:51:20,333 [WARN] IP:2120 - DEVICE_SERIAL0_CDC_FS not found: check if there is a RefParameter without a condition.
2025-08-01 13:51:20,333 [WARN] IP:2120 - DEVICE_SERIAL1_CDC_FS not found: check if there is a RefParameter without a condition.
2025-08-01 13:51:20,333 [WARN] IP:2120 - DEVICE_SERIAL2_CDC_FS not found: check if there is a RefParameter without a condition.
2025-08-01 13:51:20,336 [WARN] IP:2120 - DEVICE_SERIAL0_CDC_FS not found: check if there is a RefParameter without a condition.
2025-08-01 13:51:20,336 [WARN] IP:2120 - DEVICE_SERIAL1_CDC_FS not found: check if there is a RefParameter without a condition.
2025-08-01 13:51:20,336 [WARN] IP:2120 - DEVICE_SERIAL2_CDC_FS not found: check if there is a RefParameter without a condition.
2025-08-01 13:51:20,497 [WARN] IP:2120 - lpm_enable not found: check if there is a RefParameter without a condition.
2025-08-01 13:51:20,498 [WARN] IP:2120 - lpm_enable not found: check if there is a RefParameter without a condition.
2025-08-01 14:16:59,551 [INFO] NvicIntPanel:101 - NVIC parent = com.st.microxplorer.plugins.ip.nvic.MultiNvicIntPanel[,0,0,0x0,invalid,layout=javax.swing.BoxLayout,alignmentX=0.0,alignmentY=0.0,border=,flags=9,maximumSize=,minimumSize=,preferredSize=]
2025-08-01 14:17:01,571 [INFO] NvicIntPanel:101 - NVIC parent = com.st.microxplorer.plugins.ip.nvic.MultiNvicIntPanel[,0,0,0x0,invalid,layout=javax.swing.BoxLayout,alignmentX=0.0,alignmentY=0.0,border=,flags=9,maximumSize=,minimumSize=,preferredSize=]
2025-08-01 14:17:03,902 [INFO] NvicIntPanel:101 - NVIC parent = com.st.microxplorer.plugins.ip.nvic.MultiNvicIntPanel[,0,0,0x0,invalid,layout=javax.swing.BoxLayout,alignmentX=0.0,alignmentY=0.0,border=,flags=9,maximumSize=,minimumSize=,preferredSize=]
2025-08-01 14:17:12,113 [INFO] NvicIntPanel:101 - NVIC parent = com.st.microxplorer.plugins.ip.nvic.MultiNvicIntPanel[,0,0,0x0,invalid,layout=javax.swing.BoxLayout,alignmentX=0.0,alignmentY=0.0,border=,flags=9,maximumSize=,minimumSize=,preferredSize=]
2025-08-01 14:17:13,868 [INFO] NvicIntPanel:101 - NVIC parent = com.st.microxplorer.plugins.ip.nvic.MultiNvicIntPanel[,0,0,0x0,invalid,layout=javax.swing.BoxLayout,alignmentX=0.0,alignmentY=0.0,border=,flags=9,maximumSize=,minimumSize=,preferredSize=]
2025-08-01 14:17:15,814 [INFO] NvicIntPanel:101 - NVIC parent = com.st.microxplorer.plugins.ip.nvic.MultiNvicIntPanel[,0,0,0x0,invalid,layout=javax.swing.BoxLayout,alignmentX=0.0,alignmentY=0.0,border=,flags=9,maximumSize=,minimumSize=,preferredSize=]
2025-08-01 14:17:17,549 [INFO] UtilMem:75 - End SaveConfig() Used Memory: 832909528 Bytes (1073741824)
2025-08-01 14:17:19,189 [INFO] UtilMem:75 - End SaveConfig() Used Memory: 862286472 Bytes (1073741824)
2025-08-01 14:17:20,739 [INFO] UtilMem:75 - End SaveConfig() Used Memory: 714952176 Bytes (1073741824)
2025-08-01 14:17:21,475 [INFO] BlockDiagram:2759 - set Specific Code input for plugin: SPI
2025-08-01 14:17:21,475 [INFO] BlockDiagram:2759 - set Specific Code input for plugin: CAN
2025-08-01 14:17:21,475 [INFO] BlockDiagram:2759 - set Specific Code input for plugin: TIM1_8F2
2025-08-01 14:17:21,475 [INFO] BlockDiagram:2759 - set Specific Code input for plugin: CAN
2025-08-01 14:17:21,475 [INFO] BlockDiagram:2759 - set Specific Code input for plugin: USB_DEVICE
2025-08-01 14:17:21,476 [INFO] BlockDiagram:2759 - set Specific Code input for plugin: ADC
2025-08-01 14:17:21,476 [INFO] BlockDiagram:2759 - set Specific Code input for plugin: SYS
2025-08-01 14:17:21,476 [INFO] BlockDiagram:2759 - set Specific Code input for plugin: ADC
2025-08-01 14:17:21,476 [INFO] BlockDiagram:2759 - set Specific Code input for plugin: RCC
2025-08-01 14:17:21,476 [INFO] BlockDiagram:2759 - set Specific Code input for plugin: USB_OTG_FS
2025-08-01 14:17:21,476 [INFO] BlockDiagram:2759 - set Specific Code input for plugin: NVIC
2025-08-01 14:17:21,476 [INFO] BlockDiagram:2759 - set Specific Code input for plugin: TIM1_8F2
2025-08-01 14:17:21,478 [INFO] BlockDiagram:2759 - set Specific Code input for plugin: GPIO
2025-08-01 14:17:21,480 [INFO] CodeGenerator:807 - code generatio: config db path: C:/Users/shoot/.stm32cubemx/databases/DB.6.0.100/db/
2025-08-01 14:17:21,549 [WARN] IP:2120 - DEVICE_SERIAL0_CDC_FS not found: check if there is a RefParameter without a condition.
2025-08-01 14:17:21,550 [WARN] IP:2120 - DEVICE_SERIAL1_CDC_FS not found: check if there is a RefParameter without a condition.
2025-08-01 14:17:21,550 [WARN] IP:2120 - DEVICE_SERIAL2_CDC_FS not found: check if there is a RefParameter without a condition.
2025-08-01 14:17:21,551 [WARN] IP:2120 - lpm_enable not found: check if there is a RefParameter without a condition.
2025-08-01 14:17:21,862 [INFO] CodeEngine:255 - oldGeneratedFile, C:\Users\shoot\Documents\GitHub\AMS_Master_Firmware\AMS_Firmware\MXTmpFiles\license.tmp_save
2025-08-01 14:17:22,359 [INFO] CodeEngine:279 - Generated code: C:\Users\shoot\Documents\GitHub\AMS_Master_Firmware\AMS_Firmware\MXTmpFiles\license.tmp
2025-08-01 14:17:22,544 [INFO] CodeEngine:255 - oldGeneratedFile, C:\Users\shoot\Documents\GitHub\AMS_Master_Firmware\AMS_Firmware\Core\Src\gpio.c_save
2025-08-01 14:17:22,776 [INFO] CodeEngine:279 - Generated code: C:\Users\shoot\Documents\GitHub\AMS_Master_Firmware\AMS_Firmware\Core\Src\gpio.c
2025-08-01 14:17:22,817 [INFO] CodeEngine:255 - oldGeneratedFile, C:\Users\shoot\Documents\GitHub\AMS_Master_Firmware\AMS_Firmware\Core\Inc\gpio.h_save
2025-08-01 14:17:22,973 [INFO] CodeEngine:279 - Generated code: C:\Users\shoot\Documents\GitHub\AMS_Master_Firmware\AMS_Firmware\Core\Inc\gpio.h
2025-08-01 14:17:23,181 [INFO] CodeEngine:255 - oldGeneratedFile, C:\Users\shoot\Documents\GitHub\AMS_Master_Firmware\AMS_Firmware\MXTmpFiles\usb_otg_fs_vars.tmp_save
2025-08-01 14:17:23,304 [INFO] CodeEngine:279 - Generated code: C:\Users\shoot\Documents\GitHub\AMS_Master_Firmware\AMS_Firmware\MXTmpFiles\usb_otg_fs_vars.tmp
2025-08-01 14:17:23,321 [INFO] CodeEngine:255 - oldGeneratedFile, C:\Users\shoot\Documents\GitHub\AMS_Master_Firmware\AMS_Firmware\MXTmpFiles\usb_otg_fs_inc.tmp_save
2025-08-01 14:17:23,419 [INFO] CodeEngine:279 - Generated code: C:\Users\shoot\Documents\GitHub\AMS_Master_Firmware\AMS_Firmware\MXTmpFiles\usb_otg_fs_inc.tmp
2025-08-01 14:17:23,451 [INFO] CodeEngine:255 - oldGeneratedFile, C:\Users\shoot\Documents\GitHub\AMS_Master_Firmware\AMS_Firmware\MXTmpFiles\usb_otg_fs_HalInit.tmp_save
2025-08-01 14:17:23,651 [INFO] CodeEngine:279 - Generated code: C:\Users\shoot\Documents\GitHub\AMS_Master_Firmware\AMS_Firmware\MXTmpFiles\usb_otg_fs_HalInit.tmp
2025-08-01 14:17:23,675 [INFO] CodeEngine:255 - oldGeneratedFile, C:\Users\shoot\Documents\GitHub\AMS_Master_Firmware\AMS_Firmware\MXTmpFiles\usb_otg_fs_Msp.tmp_save
2025-08-01 14:17:23,829 [INFO] CodeEngine:279 - Generated code: C:\Users\shoot\Documents\GitHub\AMS_Master_Firmware\AMS_Firmware\MXTmpFiles\usb_otg_fs_Msp.tmp
2025-08-01 14:17:24,618 [INFO] Middleware:1439 - No code input for Bsp Dependency
2025-08-01 14:17:24,703 [INFO] CodeEngine:255 - oldGeneratedFile, C:\Users\shoot\Documents\GitHub\AMS_Master_Firmware\AMS_Firmware\Core\Src\adc.c_save
2025-08-01 14:17:25,071 [INFO] CodeEngine:279 - Generated code: C:\Users\shoot\Documents\GitHub\AMS_Master_Firmware\AMS_Firmware\Core\Src\adc.c
2025-08-01 14:17:25,133 [INFO] CodeEngine:255 - oldGeneratedFile, C:\Users\shoot\Documents\GitHub\AMS_Master_Firmware\AMS_Firmware\Core\Inc\adc.h_save
2025-08-01 14:17:25,384 [INFO] CodeEngine:279 - Generated code: C:\Users\shoot\Documents\GitHub\AMS_Master_Firmware\AMS_Firmware\Core\Inc\adc.h
2025-08-01 14:17:25,427 [INFO] CodeEngine:255 - oldGeneratedFile, C:\Users\shoot\Documents\GitHub\AMS_Master_Firmware\AMS_Firmware\Core\Src\can.c_save
2025-08-01 14:17:25,715 [INFO] CodeEngine:279 - Generated code: C:\Users\shoot\Documents\GitHub\AMS_Master_Firmware\AMS_Firmware\Core\Src\can.c
2025-08-01 14:17:25,737 [INFO] CodeEngine:255 - oldGeneratedFile, C:\Users\shoot\Documents\GitHub\AMS_Master_Firmware\AMS_Firmware\Core\Inc\can.h_save
2025-08-01 14:17:25,846 [INFO] CodeEngine:279 - Generated code: C:\Users\shoot\Documents\GitHub\AMS_Master_Firmware\AMS_Firmware\Core\Inc\can.h
2025-08-01 14:17:25,878 [INFO] CodeEngine:255 - oldGeneratedFile, C:\Users\shoot\Documents\GitHub\AMS_Master_Firmware\AMS_Firmware\Core\Src\spi.c_save
2025-08-01 14:17:26,006 [INFO] CodeEngine:279 - Generated code: C:\Users\shoot\Documents\GitHub\AMS_Master_Firmware\AMS_Firmware\Core\Src\spi.c
2025-08-01 14:17:26,018 [INFO] CodeEngine:255 - oldGeneratedFile, C:\Users\shoot\Documents\GitHub\AMS_Master_Firmware\AMS_Firmware\Core\Inc\spi.h_save
2025-08-01 14:17:26,111 [INFO] CodeEngine:279 - Generated code: C:\Users\shoot\Documents\GitHub\AMS_Master_Firmware\AMS_Firmware\Core\Inc\spi.h
2025-08-01 14:17:26,141 [INFO] CodeEngine:255 - oldGeneratedFile, C:\Users\shoot\Documents\GitHub\AMS_Master_Firmware\AMS_Firmware\Core\Src\tim.c_save
2025-08-01 14:17:26,310 [INFO] CodeEngine:279 - Generated code: C:\Users\shoot\Documents\GitHub\AMS_Master_Firmware\AMS_Firmware\Core\Src\tim.c
2025-08-01 14:17:26,324 [INFO] CodeEngine:255 - oldGeneratedFile, C:\Users\shoot\Documents\GitHub\AMS_Master_Firmware\AMS_Firmware\Core\Inc\tim.h_save
2025-08-01 14:17:26,432 [INFO] CodeEngine:279 - Generated code: C:\Users\shoot\Documents\GitHub\AMS_Master_Firmware\AMS_Firmware\Core\Inc\tim.h
2025-08-01 14:17:26,450 [INFO] Middleware:1439 - No code input for Bsp Dependency
2025-08-01 14:17:26,491 [INFO] CodeEngine:255 - oldGeneratedFile, C:\Users\shoot\Documents\GitHub\AMS_Master_Firmware\AMS_Firmware\USB_DEVICE\App\usb_device.c_save
2025-08-01 14:17:26,633 [INFO] CodeEngine:279 - Generated code: C:\Users\shoot\Documents\GitHub\AMS_Master_Firmware\AMS_Firmware\USB_DEVICE\App\usb_device.c
2025-08-01 14:17:26,661 [INFO] CodeEngine:255 - oldGeneratedFile, C:\Users\shoot\Documents\GitHub\AMS_Master_Firmware\AMS_Firmware\USB_DEVICE\App\usb_device.h_save
2025-08-01 14:17:26,783 [INFO] CodeEngine:279 - Generated code: C:\Users\shoot\Documents\GitHub\AMS_Master_Firmware\AMS_Firmware\USB_DEVICE\App\usb_device.h
2025-08-01 14:17:26,824 [INFO] CodeEngine:255 - oldGeneratedFile, C:\Users\shoot\Documents\GitHub\AMS_Master_Firmware\AMS_Firmware\USB_DEVICE\Target\usbd_conf.h_save
2025-08-01 14:17:26,933 [INFO] CodeEngine:279 - Generated code: C:\Users\shoot\Documents\GitHub\AMS_Master_Firmware\AMS_Firmware\USB_DEVICE\Target\usbd_conf.h
2025-08-01 14:17:26,963 [INFO] CodeEngine:255 - oldGeneratedFile, C:\Users\shoot\Documents\GitHub\AMS_Master_Firmware\AMS_Firmware\USB_DEVICE\Target\usbd_conf.c_save
2025-08-01 14:17:27,088 [INFO] CodeEngine:279 - Generated code: C:\Users\shoot\Documents\GitHub\AMS_Master_Firmware\AMS_Firmware\USB_DEVICE\Target\usbd_conf.c
2025-08-01 14:17:27,124 [INFO] CodeEngine:255 - oldGeneratedFile, C:\Users\shoot\Documents\GitHub\AMS_Master_Firmware\AMS_Firmware\USB_DEVICE\App\usbd_desc.h_save
2025-08-01 14:17:27,231 [INFO] CodeEngine:279 - Generated code: C:\Users\shoot\Documents\GitHub\AMS_Master_Firmware\AMS_Firmware\USB_DEVICE\App\usbd_desc.h
2025-08-01 14:17:27,265 [INFO] CodeEngine:255 - oldGeneratedFile, C:\Users\shoot\Documents\GitHub\AMS_Master_Firmware\AMS_Firmware\USB_DEVICE\App\usbd_desc.c_save
2025-08-01 14:17:27,387 [INFO] CodeEngine:279 - Generated code: C:\Users\shoot\Documents\GitHub\AMS_Master_Firmware\AMS_Firmware\USB_DEVICE\App\usbd_desc.c
2025-08-01 14:17:27,422 [INFO] CodeEngine:255 - oldGeneratedFile, C:\Users\shoot\Documents\GitHub\AMS_Master_Firmware\AMS_Firmware\USB_DEVICE\App\usbd_cdc_if.h_save
2025-08-01 14:17:27,516 [INFO] CodeEngine:279 - Generated code: C:\Users\shoot\Documents\GitHub\AMS_Master_Firmware\AMS_Firmware\USB_DEVICE\App\usbd_cdc_if.h
2025-08-01 14:17:27,548 [INFO] CodeEngine:255 - oldGeneratedFile, C:\Users\shoot\Documents\GitHub\AMS_Master_Firmware\AMS_Firmware\USB_DEVICE\App\usbd_cdc_if.c_save
2025-08-01 14:17:27,650 [INFO] CodeEngine:279 - Generated code: C:\Users\shoot\Documents\GitHub\AMS_Master_Firmware\AMS_Firmware\USB_DEVICE\App\usbd_cdc_if.c
2025-08-01 14:17:27,712 [INFO] CodeEngine:255 - oldGeneratedFile, C:\Users\shoot\Documents\GitHub\AMS_Master_Firmware\AMS_Firmware\Core\Src\stm32f2xx_it.c_save
2025-08-01 14:17:27,906 [INFO] CodeEngine:279 - Generated code: C:\Users\shoot\Documents\GitHub\AMS_Master_Firmware\AMS_Firmware\Core\Src\stm32f2xx_it.c
2025-08-01 14:17:27,938 [INFO] CodeEngine:255 - oldGeneratedFile, C:\Users\shoot\Documents\GitHub\AMS_Master_Firmware\AMS_Firmware\Core\Inc\stm32f2xx_it.h_save
2025-08-01 14:17:28,055 [INFO] CodeEngine:279 - Generated code: C:\Users\shoot\Documents\GitHub\AMS_Master_Firmware\AMS_Firmware\Core\Inc\stm32f2xx_it.h
2025-08-01 14:17:28,110 [INFO] CodeEngine:255 - oldGeneratedFile, C:\Users\shoot\Documents\GitHub\AMS_Master_Firmware\AMS_Firmware\Core\Src\stm32f2xx_hal_msp.c_save
2025-08-01 14:17:28,237 [INFO] CodeEngine:279 - Generated code: C:\Users\shoot\Documents\GitHub\AMS_Master_Firmware\AMS_Firmware\Core\Src\stm32f2xx_hal_msp.c
2025-08-01 14:17:28,255 [INFO] CodeEngine:255 - oldGeneratedFile, C:\Users\shoot\Documents\GitHub\AMS_Master_Firmware\AMS_Firmware\MXTmpFiles\system.tmp_save
2025-08-01 14:17:28,362 [INFO] CodeEngine:279 - Generated code: C:\Users\shoot\Documents\GitHub\AMS_Master_Firmware\AMS_Firmware\MXTmpFiles\system.tmp
2025-08-01 14:17:28,427 [INFO] CodeEngine:311 - oldGeneratedFile, C:\Users\shoot\Documents\GitHub\AMS_Master_Firmware\AMS_Firmware\Core\Inc\stm32f2xx_hal_conf.h_save
2025-08-01 14:17:28,552 [INFO] CodeEngine:335 - Generated code: C:\Users\shoot\Documents\GitHub\AMS_Master_Firmware\AMS_Firmware\Core\Inc\stm32f2xx_hal_conf.h
2025-08-01 14:17:28,640 [INFO] CodeEngine:255 - oldGeneratedFile, C:\Users\shoot\Documents\GitHub\AMS_Master_Firmware\AMS_Firmware\Core\Inc\main.h_save
2025-08-01 14:17:28,840 [INFO] CodeEngine:279 - Generated code: C:\Users\shoot\Documents\GitHub\AMS_Master_Firmware\AMS_Firmware\Core\Inc\main.h
2025-08-01 14:17:28,881 [INFO] CodeEngine:255 - oldGeneratedFile, C:\Users\shoot\Documents\GitHub\AMS_Master_Firmware\AMS_Firmware\Core\Src\main.c_save
2025-08-01 14:17:29,126 [INFO] CodeEngine:279 - Generated code: C:\Users\shoot\Documents\GitHub\AMS_Master_Firmware\AMS_Firmware\Core\Src\main.c
2025-08-01 14:17:30,248 [INFO] ProjectBuilder:3163 - Time for Copy HAL[1] : 586mS.
2025-08-01 14:17:30,267 [INFO] ProjectBuilder:4736 - Project Generator version: 4.3.0-B58
2025-08-01 14:17:30,386 [INFO] ConfigFileManager:1503 - The Die is : DIE411
2025-08-01 14:17:30,405 [INFO] ApiDbMcu:508 - Load IP Config File for FATFS
2025-08-01 14:17:30,422 [INFO] ApiDbMcu:508 - Load IP Config File for FREERTOS
2025-08-01 14:17:30,434 [INFO] ApiDbMcu:508 - Load IP Config File for LIBJPEG
2025-08-01 14:17:30,451 [INFO] ApiDbMcu:508 - Load IP Config File for MBEDTLS
2025-08-01 14:17:30,466 [INFO] ApiDbMcu:508 - Load IP Config File for USB_HOST
2025-08-01 14:17:31,394 [INFO] LogOutputStream:77 - [STDOUT_REDIRECT] 
2025-08-01 14:17:34,134 [INFO] ProjectBuilder:5002 - Time for Generating toolchain IDE Files: 3867mS.
2025-08-01 14:17:34,136 [INFO] ProjectBuilder:3034 - Time for Copy CMSIS : 1mS.
2025-08-01 14:17:34,148 [INFO] ProjectBuilder:3034 - Time for Copy CMSIS : 0mS.
2025-08-01 15:10:11,050 [ERROR] ConfigurationRetriever:142 - IOException on connection: Connect timed out
2025-08-01 15:10:13,054 [ERROR] ConfigurationRetriever:142 - IOException on connection: Connect timed out
2025-08-01 15:10:15,057 [ERROR] ConfigurationRetriever:142 - IOException on connection: Connect timed out
2025-08-01 15:10:17,085 [ERROR] ConfigurationRetriever:142 - IOException on connection: Connect timed out
2025-08-01 15:10:19,088 [ERROR] ConfigurationRetriever:142 - IOException on connection: Connect timed out
2025-08-01 15:10:21,091 [ERROR] ConfigurationRetriever:142 - IOException on connection: Connect timed out
2025-08-01 15:12:34,488 [ERROR] ConfigurationRetriever:142 - IOException on connection: sw-center.st.com
2025-08-01 15:12:34,489 [ERROR] ConfigurationRetriever:142 - IOException on connection: sw-center.st.com
2025-08-01 15:12:34,489 [ERROR] ConfigurationRetriever:142 - IOException on connection: sw-center.st.com
2025-08-01 15:21:41,122 [ERROR] ConfigurationRetriever:142 - IOException on connection: sw-center.st.com
2025-08-01 15:21:41,123 [ERROR] ConfigurationRetriever:142 - IOException on connection: sw-center.st.com
2025-08-01 15:21:41,124 [ERROR] ConfigurationRetriever:142 - IOException on connection: sw-center.st.com
2025-08-01 15:21:41,313 [ERROR] ConfigurationRetriever:142 - IOException on connection: sw-center.st.com
2025-08-01 15:21:41,313 [ERROR] ConfigurationRetriever:142 - IOException on connection: sw-center.st.com
2025-08-01 15:21:41,314 [ERROR] ConfigurationRetriever:142 - IOException on connection: sw-center.st.com
2025-08-01 15:23:58,687 [ERROR] ConfigurationRetriever:142 - IOException on connection: sw-center.st.com
2025-08-01 15:23:58,688 [ERROR] ConfigurationRetriever:142 - IOException on connection: sw-center.st.com
2025-08-01 15:23:58,688 [ERROR] ConfigurationRetriever:142 - IOException on connection: sw-center.st.com
2025-08-01 15:23:58,871 [ERROR] ConfigurationRetriever:142 - IOException on connection: sw-center.st.com
2025-08-01 15:23:58,871 [ERROR] ConfigurationRetriever:142 - IOException on connection: sw-center.st.com
2025-08-01 15:23:58,871 [ERROR] ConfigurationRetriever:142 - IOException on connection: sw-center.st.com
2025-08-01 15:36:48,831 [ERROR] ConfigurationRetriever:142 - IOException on connection: sw-center.st.com
2025-08-01 15:36:48,832 [ERROR] ConfigurationRetriever:142 - IOException on connection: sw-center.st.com
2025-08-01 15:36:48,832 [ERROR] ConfigurationRetriever:142 - IOException on connection: sw-center.st.com
2025-08-01 15:36:48,855 [ERROR] ConfigurationRetriever:142 - IOException on connection: sw-center.st.com
2025-08-01 15:36:48,857 [ERROR] ConfigurationRetriever:142 - IOException on connection: sw-center.st.com
2025-08-01 15:36:48,857 [ERROR] ConfigurationRetriever:142 - IOException on connection: sw-center.st.com
2025-08-01 16:08:23,454 [ERROR] ConfigurationRetriever:142 - IOException on connection: Connect timed out
2025-08-01 16:09:55,919 [ERROR] LogOutputStream:75 - [STDERR_REDIRECT] 
2025-08-01 16:09:55,920 [ERROR] LogOutputStream:75 - [STDERR_REDIRECT] 
